epoch_s,elapsed_s,north_m,east_m,yaw_rad,target_index,target_north_m,target_east_m,distance_to_target_m,heading_error_rad,cmd_v_m_s,cmd_w_rad_s,right_rate_rad_s,left_rate_rad_s,obstacle_distance_m
1779563344.4222226,0.05128002166748047,-5.1284434585013916e-05,1.0000000005781797,-1.5020867001477919e-09,1,3.0,1.0,3.000051284434585,1.309363284462961e-09,0.18,1.505767777132405e-09,-10.579909507276035,10.579909038038624,5.200051284434585
1779563344.5223742,0.1524372100830078,1.1392568412435623e-05,1.0000000006295404,-1.5020191985878946e-09,1,3.0,1.0,2.9999886074315874,1.2921717029712454e-09,0.18,1.4859974584169321e-09,-10.579909504195555,10.579909041119103,5.199988607431588
1779563344.62308,0.2531430721282959,0.00020785852863685893,1.0000000006125926,-1.5019898887000445e-09,1,3.0,1.0,2.9997921414713633,1.2977783292456024e-09,0.18,1.4924450786324427e-09,-10.57990950520018,10.57990904011448,5.199792141471363
1779563344.723792,0.3538551330566406,0.0005355592469128866,1.0000000005654388,-1.5019179462480488e-09,1,3.0,1.0,2.999464440753087,1.3134044962725966e-09,0.18,1.510415170713486e-09,-10.57990950800016,10.579909037314497,5.199464440753087
1779563344.8249807,0.4550437927246094,0.000940720313074579,1.0000000005292737,-1.5018664318997062e-09,1,3.0,1.0,2.9990592796869255,1.3253864672435611e-09,0.18,1.524194437330095e-09,-10.579909510147154,10.579909035167505,5.199059279686925
1779563344.9255395,0.5556025505065918,0.0021352129994210234,1.0000000005585263,-1.5018913008954578e-09,1,3.0,1.0,2.997864787000579,1.315583197936121e-09,0.18,1.512920677626539e-09,-10.579909508390552,10.579909036924107,5.197864787000579
1779563345.0260825,0.6561455726623535,0.002774165005302843,1.0000000005965883,-1.502053837546263e-09,1,3.0,1.0,2.997225834994697,1.303007035602377e-09,0.18,1.4984580909427336e-09,-10.579909506137087,10.579909039177569,5.197225834994697
1779563345.1268468,0.7569098472595215,0.003977599751272135,1.0000000006232201,-1.5018984063228154e-09,1,3.0,1.0,2.996022400248728,1.2938827786967977e-09,0.18,1.4879651955013171e-09,-10.579909504502155,10.579909040812504,5.196022400248728
1779563345.227675,0.8577380180358887,0.005604233260165805,1.0000000005693197,-1.501632840975325e-09,1,3.0,1.0,2.994395766739834,1.3115042385436482e-09,0.18,1.5082298743251952e-09,-10.57990950765966,10.579909037654996,5.194395766739834
1779563345.328326,0.9583890438079834,0.006321880526154318,1.00000000053967,-1.5014916206065928e-09,1,3.0,1.0,2.9936781194738455,1.3212217986335872e-09,0.18,1.5194050684286252e-09,-10.579909509400906,10.579909035913753,5.193678119473846
1779563345.4289267,1.0589897632598877,0.008138072535365748,1.0000000005143184,-1.5014045791214622e-09,1,3.0,1.0,2.991861927464634,1.3294987333267727e-09,0.18,1.5289235433257884e-09,-10.579909510884011,10.579909034430647,5.191861927464634
1779563345.5296488,1.1597118377685547,0.009552889950919444,1.0000000005460572,-1.502877178941325e-09,1,3.0,1.0,2.9904471100490806,1.3202767767950263e-09,0.18,1.51831829331428e-09,-10.579909509231573,10.579909036083086,5.190447110049081
1779563345.630043,1.260106086730957,0.012169570434062372,1.0000000006091139,-1.5019063999285927e-09,1,3.0,1.0,2.9878304295659377,1.2980416741470435e-09,0.18,1.4927479252690998e-09,-10.579909505247368,10.579909040067289,5.187830429565937
1779563345.7309003,1.3609633445739746,0.013822313892661522,1.0000000005971355,-1.5017758377008968e-09,1,3.0,1.0,2.9861776861073386,1.3018093270034115e-09,0.18,1.497080726053923e-09,-10.579909505922476,10.57990903939218,5.186177686107339
1779563345.8314235,1.461486577987671,0.015374187430142993,1.0000000005560936,-1.5013948091588455e-09,1,3.0,1.0,2.984625812569857,1.3150756039692624e-09,0.18,1.5123369445646516e-09,-10.579909508299599,10.579909037015058,5.184625812569857
1779563345.9319925,1.5620555877685547,0.018085137056977677,1.0000000004981762,-1.5008849947459376e-09,1,3.0,1.0,2.981914862943022,1.333819277249404e-09,0.18,1.5338921688368144e-09,-10.579909511658188,10.579909033656469,5.181914862943023
1779563346.032964,1.663027048110962,0.018085137056977677,1.0000000004981762,-1.5008849947459376e-09,1,3.0,1.0,2.981914862943022,1.333819277249404e-09,0.18,1.5338921688368144e-09,-10.579909511658188,10.579909033656469,5.181914862943023
1779563346.1336796,1.7637426853179932,0.018085137056977677,1.0000000004981762,-1.5008849947459376e-09,1,3.0,1.0,2.981914862943022,1.333819277249404e-09,0.18,1.5338921688368144e-09,-10.579909511658188,10.579909033656469,5.181914862943023
1779563346.2344034,1.8644664287567139,0.018085137056977677,1.0000000004981762,-1.5008849947459376e-09,1,3.0,1.0,2.981914862943022,1.333819277249404e-09,0.18,1.5338921688368144e-09,-10.579909511658188,10.579909033656469,5.181914862943023
1779563346.3354342,1.9654972553253174,0.018085137056977677,1.0000000004981762,-1.5008849947459376e-09,1,3.0,1.0,2.981914862943022,1.333819277249404e-09,0.18,1.5338921688368144e-09,-10.579909511658188,10.579909033656469,5.181914862943023
1779563346.4364042,2.06646728515625,0.018085137056977677,1.0000000004981762,-1.5008849947459376e-09,1,3.0,1.0,2.981914862943022,1.333819277249404e-09,0.18,1.5338921688368144e-09,-10.579909511658188,10.579909033656469,5.181914862943023
1779563346.5373795,2.167442560195923,0.01959121659782154,1.0000000005030767,-1.5009649308037106e-09,1,3.0,1.0,2.9804087834021784,1.3321703740132307e-09,0.18,1.5319959301152152e-09,-10.57990951136273,10.579909033951928,5.180408783402179
1779563346.638116,2.268178939819336,0.024545943067704835,1.000000000591076,-1.5018735373270638e-09,1,3.0,1.0,2.9754540569322954,1.3032228629583642e-09,0.18,1.4987062924021188e-09,-10.579909506175762,10.579909039138897,5.1754540569322955
1779563346.7386558,2.3687188625335693,0.028098265524294973,1.0000000005432907,-1.501257141503792e-09,1,3.0,1.0,2.971901734475705,1.3184480174288637e-09,0.18,1.5162152200431933e-09,-10.579909508903883,10.579909036410772,5.171901734475705
1779563346.8393285,2.4693915843963623,0.029381300932259855,1.000000000512274,-1.5008574612149269e-09,1,3.0,1.0,2.97061869906774,1.32841071476264e-09,0.18,1.5276723219770359e-09,-10.579909510689054,10.579909034625603,5.170618699067741
1779563346.9400623,2.5701253414154053,0.03287100925605546,1.000000000478443,-1.5004790972081346e-09,1,3.0,1.0,2.9671289907439444,1.3392313924498467e-09,0.18,1.5401161013173236e-09,-10.579909512627962,10.579909032686697,5.167128990743945
1779563347.040554,2.67061710357666,0.03442794934544086,1.0000000004974323,-1.5007544325182417e-09,1,3.0,1.0,2.965572050654559,1.3330185844040443e-09,0.18,1.532971372064651e-09,-10.57990951151472,10.57990903379994,5.16557205065456
1779563347.1412334,2.771296501159668,0.038050507313312706,1.0000000005621388,-1.501656821792657e-09,1,3.0,1.0,2.961949492686687,1.3118701680525646e-09,0.18,1.5086506932604492e-09,-10.579909507725231,10.579909037589427,5.161949492686688
1779563347.2420444,2.87210750579834,0.040585684704050794,1.0000000005630534,-1.5016843553236677e-09,1,3.0,1.0,2.959414315295949,1.3114260788427146e-09,0.18,1.5081399906691216e-09,-10.579909507645658,10.579909037669001,5.159414315295949
1779563347.3428876,2.9729506969451904,0.04244824849056707,1.0000000005324585,-1.5012225025454236e-09,1,3.0,1.0,2.957551751509433,1.3211889360320583e-09,0.18,1.519367276436867e-09,-10.57990950939502,10.57990903591964,5.157551751509433
1779563347.443565,3.0736279487609863,0.046926930695680734,1.000000000455139,-1.5000820814545287e-09,1,3.0,1.0,2.9530730693043195,1.3459580117114456e-09,0.18,1.5478517134681623e-09,-10.579909513833273,10.579909031481384,5.15307306930432
1779563347.5444221,3.174485206604004,0.04859600965814017,1.0000000004586689,-1.5001691229396593e-09,1,3.0,1.0,2.9514039903418596,1.3447620794693194e-09,0.18,1.546476391389717e-09,-10.57990951361898,10.579909031695678,5.15140399034186
1779563347.6451125,3.2751755714416504,0.05148076517427923,1.0000000005034835,-1.500889435638036e-09,1,3.0,1.0,2.9485192348257208,1.330131560450809e-09,0.18,1.5296512945184302e-09,-10.579909510997405,10.579909034317252,5.148519234825721
1779563347.7458262,3.375889301300049,0.05585610350968735,1.0000000005433225,-1.5015759975564643e-09,1,3.0,1.0,2.9441438964903126,1.3170327051170716e-09,0.18,1.5145876108846322e-09,-10.579909508650282,10.579909036664375,5.144143896490313
1779563347.8508573,3.4809203147888184,0.05732448853788692,1.0000000005272838,-1.5013210903500103e-09,1,3.0,1.0,2.942675511462113,1.3221357342274587e-09,0.18,1.5204560943615773e-09,-10.57990950956467,10.579909035749987,5.142675511462113
1779563347.9516022,3.581665277481079,0.06051923575530067,1.0000000004638028,-1.5002721516363445e-09,1,3.0,1.0,2.939480764244699,1.342488342714887e-09,0.18,1.5438615941221199e-09,-10.57990951321156,10.5799090321031,5.139480764244699
1779563348.052435,3.682497978210449,0.062494039322025206,1.0000000004349665,-1.499823621534396e-09,1,3.0,1.0,2.9375059606779748,1.35175026727552e-09,0.18,1.5545128073668479e-09,-10.579909514871161,10.579909030443497,5.137505960677975
1779563348.153129,3.7831921577453613,0.062494039322025206,1.0000000004349665,-1.499823621534396e-09,1,3.0,1.0,2.9375059606779748,1.35175026727552e-09,0.18,1.5545128073668479e-09,-10.579909514871161,10.579909030443497,5.137505960677975
1779563348.2544296,3.8844926357269287,0.06522132481220067,1.0000000004387244,-1.4999319793015994e-09,1,3.0,1.0,2.9347786751877996,1.3504406481956721e-09,0.18,1.5530067454250228e-09,-10.579909514636496,10.579909030678161,5.1347786751878
1779563348.3554707,3.9855337142944336,0.06971387464670069,1.000000000509247,-1.5011665473049825e-09,1,3.0,1.0,2.9302861253532995,1.3273790955281584e-09,0.18,1.526485959857382e-09,-10.579909510504203,10.579909034810454,5.130286125353299
1779563348.457302,4.086359977722168,0.07171999855802857,1.0000000005203098,-1.5013921446235864e-09,1,3.0,1.0,2.9282800014419714,1.3237078100303279e-09,0.18,1.5222639815348769e-09,-10.579909509846361,10.579909035468294,5.128280001441972
1779563348.5583878,4.187930107116699,0.07498766523411533,1.0000000004812752,-1.5007375571282674e-09,1,3.0,1.0,2.9250123347658845,1.3361995954142003e-09,0.18,1.5366295347263302e-09,-10.579909512084708,10.57990903322995,5.125012334765885
1779563348.6585393,4.288602352142334,0.07902023142720056,1.0000000004110148,-1.4995580561869056e-09,1,3.0,1.0,2.9209797685727996,1.358846812848924e-09,0.18,1.5626738347762625e-09,-10.579909516142758,10.579909029171901,5.120979768572799
1779563348.7594514,4.389514446258545,0.08154838330893252,1.0000000004109821,-1.4996006887510512e-09,1,3.0,1.0,2.9184516166910677,1.3587788671998169e-09,0.18,1.5625956972797893e-09,-10.579909516130583,10.579909029184076,5.118451616691067
1779563348.8603678,4.49043083190918,0.08357601221497779,1.0000000004382776,-1.5000918514171454e-09,1,3.0,1.0,2.916423987785022,1.3498127060529441e-09,0.18,1.5522846119608856e-09,-10.579909514523978,10.57990903079068,5.116423987785023
1779563348.9615207,4.591583728790283,0.08764258291400709,1.0000000004935643,-1.5011230265624172e-09,1,3.0,1.0,2.912357417085993,1.3316507896377061e-09,0.18,1.531398408083362e-09,-10.579909511269626,10.579909034045029,5.112357417085993
1779563349.0622084,4.69227147102356,0.08993382430906331,1.0000000004852856,-1.5010102279031153e-09,1,3.0,1.0,2.9100661756909365,1.3342491556045388e-09,0.18,1.5343865289452196e-09,-10.579909511735218,10.57990903357944,5.110066175690937
1779563349.1632464,4.793309450149536,0.09400998914738684,1.0000000004119232,-1.4997268100866486e-09,1,3.0,1.0,2.905990010852613,1.3579772861760375e-09,0.18,1.561673879102443e-09,-10.579909515986952,10.579909029327707,5.105990010852613
1779563349.2649317,4.8939385414123535,0.0960501777812853,1.0000000003846203,-1.4992782799847e-09,1,3.0,1.0,2.903949822218715,1.3668310927528182e-09,0.18,1.5718557566657407e-09,-10.579909517573423,10.579909027741234,5.1039498222187145
1779563349.3707016,4.995758056640625,0.0978374037687824,1.0000000003821954,-1.499266733665244e-09,1,3.0,1.0,2.9021625962312174,1.3675736099116875e-09,0.18,1.5727096513984406e-09,-10.57990951770647,10.579909027608187,5.102162596231218
1779563349.4711359,5.10119891166687,0.09988275586622909,1.0000000004037677,-1.4996673021325287e-09,1,3.0,1.0,2.900117244133771,1.360442869469125e-09,0.18,1.5645092998894936e-09,-10.579909516428748,10.57990902888591,5.100117244133771
1779563349.5762346,5.205793380737305,0.10449347671358701,1.000000000467447,-1.5008725602480618e-09,1,3.0,1.0,2.895506523286413,1.3394338971295383e-09,0.18,1.540348981698969e-09,-10.579909512664248,10.579909032650411,5.095506523286413
1779563349.6853058,5.308367490768433,0.10449347671358701,1.000000000467447,-1.5008725602480618e-09,1,3.0,1.0,2.895506523286413,1.3394338971295383e-09,0.18,1.540348981698969e-09,-10.579909512664248,10.579909032650411,5.095506523286413
1779563349.7868629,5.416422128677368,0.10577515330804937,1.0000000004678815,-1.5009036464927513e-09,1,3.0,1.0,2.8942248466919507,1.3392433828585126e-09,0.18,1.5401298902872894e-09,-10.57990951263011,10.579909032684549,5.094224846691951
1779563349.8873851,5.51744818687439,0.10756941659607797,1.000000000450373,-1.500605218543732e-09,1,3.0,1.0,2.892430583403922,1.3448975266783236e-09,0.18,1.546632155680072e-09,-10.579909513643251,10.579909031671408,5.092430583403922
1779563349.98841,5.618473052978516,0.1129525963424716,1.0000000003601086,-1.499038471811381e-09,1,3.0,1.0,2.887047403657528,1.3743060023330145e-09,0.18,1.5804519026829666e-09,-10.57990951891282,10.57990902640184,5.087047403657529
1779563350.0892446,5.7193076610565186,0.1152624312922775,1.0000000003598193,-1.4990695580560705e-09,1,3.0,1.0,2.8847375687077226,1.3743375326669138e-09,0.18,1.5804881625669508e-09,-10.579909518918468,10.57990902639619,5.084737568707722
1779563350.1900547,5.820117712020874,0.1186035889668994,1.0000000004068907,-1.4999426374426358e-09,1,3.0,1.0,2.8813964110331005,1.3587295732975235e-09,0.18,1.562539009292152e-09,-10.579909516121749,10.57990902919291,5.081396411033101
1779563350.290552,5.920614957809448,0.12169043954681033,1.0000000004422323,-1.5006416338589398e-09,1,3.0,1.0,2.87830956045319,1.3469985127301243e-09,0.18,1.5490482896396429e-09,-10.579909514019715,10.579909031294944,5.07830956045319
1779563350.4006755,6.030738592147827,0.12349088240755805,1.0000000004374654,-1.5005830140832395e-09,1,3.0,1.0,2.876509117592442,1.348500866527047e-09,0.18,1.550775996506104e-09,-10.579909514288916,10.57990903102574,5.076509117592442
1779563350.5017645,6.1318275928497314,0.12734713282380875,1.0000000003735223,-1.4994488102412825e-09,1,3.0,1.0,2.8726528671761913,1.3694219092030835e-09,0.18,1.5748351955835458e-09,-10.57990951803766,10.579909027276997,5.072652867176191
1779563350.6023345,6.232397556304932,0.13120441784590542,1.00000000033039,-1.498736491148683e-09,1,3.0,1.0,2.8687955821540947,1.3835697032504868e-09,0.18,1.5911051587380597e-09,-10.579909520572736,10.579909024741921,5.068795582154094
1779563350.7044983,6.333556652069092,0.1327488530937236,1.0000000003384635,-1.4988972514426487e-09,1,3.0,1.0,2.8672511469062765,1.380852765464624e-09,0.18,1.5879806802843175e-09,-10.579909520085904,10.579909025228755,5.067251146906276
1779563350.8050532,6.435116291046143,0.13661360583755727,1.0000000003961722,-1.499983493649942e-09,1,3.0,1.0,2.863386394162443,1.3616254790349558e-09,0.18,1.565869300890199e-09,-10.579909516640654,10.579909028674004,5.063386394162443
1779563350.9058123,6.53587532043457,0.14047882683688115,1.0000000004120295,-1.5003423177315008e-09,1,3.0,1.0,2.859521173163119,1.35625199959577e-09,0.18,1.5596897995351354e-09,-10.579909515677805,10.579909029636852,5.059521173163119
1779563351.0068371,6.636900186538696,0.1422814308092483,1.0000000003885778,-1.4999266502310812e-09,1,3.0,1.0,2.8577185691907516,1.3639516183161504e-09,0.18,1.568544361063573e-09,-10.579909517057462,10.579909028257195,5.057718569190752
1779563351.1078303,6.737893342971802,0.14537060330906137,1.000000000330839,-1.4989105741189442e-09,1,3.0,1.0,2.854629396690939,1.383015035827384e-09,0.18,1.5904672912014915e-09,-10.579909520473349,10.579909024841308,5.054629396690939
1779563351.2087069,6.838769912719727,0.14794590878908126,1.000000000305529,-1.498499347510623e-09,1,3.0,1.0,2.8520540912109187,1.391373238845972e-09,0.18,1.6000792246728677e-09,-10.579909521971016,10.579909023343642,5.052054091210919
1779563351.3094192,6.93948221206665,0.15207111784076907,1.0000000003446474,-1.4992454173831712e-09,1,3.0,1.0,2.847928882159231,1.37822864232362e-09,0.18,1.5849629386721629e-09,-10.579909519615697,10.57990902569896,5.047928882159231
1779563351.4110599,7.041122913360596,0.15594055227815282,1.0000000003904255,-1.5001513593712653e-09,1,3.0,1.0,2.8440594477218473,1.3628738138038443e-09,0.18,1.5673048858744208e-09,-10.579909516864337,10.57990902845032,5.044059447721847
1779563351.51199,7.142053127288818,0.157487512492595,1.0000000003865264,-1.5001025095581818e-09,1,3.0,1.0,2.842512487507405,1.3641221485727328e-09,0.18,1.5687404708586426e-09,-10.579909517088021,10.579909028226638,5.042512487507405
1779563351.6130977,7.2426581382751465,0.1613524050458319,1.0000000003253064,-1.4990162673508885e-09,1,3.0,1.0,2.838647594954168,1.3844170254628807e-09,0.18,1.5920795792823126e-09,-10.579909520724565,10.579909024590092,5.038647594954169
1779563351.7132425,7.343305587768555,0.16496009745171875,1.000000000280541,-1.4982666447646616e-09,1,3.0,1.0,2.835039902548281,1.3993117775612518e-09,0.18,1.6092085441954394e-09,-10.579909523393486,10.579909021921171,5.035039902548282
1779563351.81418,7.44424295425415,0.1685717682165945,1.0000000003095875,-1.4988261971690727e-09,1,3.0,1.0,2.8314282317834056,1.3894863037933192e-09,0.18,1.5979092493623168e-09,-10.579909521632905,10.57990902368175,5.031428231783406
1779563351.9152577,7.544792413711548,0.1706366675586777,1.0000000003423277,-1.499453251133381e-09,1,3.0,1.0,2.8293633324413223,1.3784622332480012e-09,0.18,1.5852315682352014e-09,-10.579909519657553,10.579909025657104,5.0293633324413225
1779563352.0154443,7.645507335662842,0.17450663059914676,1.0000000003609737,-1.4998627013848627e-09,1,3.0,1.0,2.8254933694008533,1.372106872565837e-09,0.18,1.5779229034507123e-09,-10.579909518518766,10.57990902679589,5.025493369400853
1779563352.1165707,7.746123790740967,0.17631117883812444,1.0000000003392746,-1.4994790083075523e-09,1,3.0,1.0,2.8236888211618756,1.3793259867611596e-09,0.18,1.5862248847753335e-09,-10.579909519812325,10.579909025502333,5.023688821161875
1779563352.2172039,7.847266912460327,0.17914604250706845,1.000000000286981,-1.4985579672863233e-09,1,3.0,1.0,2.8208539574929317,1.3968222134508324e-09,0.18,1.606345545468457e-09,-10.579909522947393,10.579909022367264,5.020853957492932
1779563352.3180666,7.948129653930664,0.18275594528055691,1.0000000002552825,-1.4980428238028972e-09,1,3.0,1.0,2.8172440547194433,1.4074283960496814e-09,0.18,1.6185426554571335e-09,-10.579909524847865,10.579909020466793,5.017244054719443
1779563352.4192102,8.049273252487183,0.185078707225867,1.000000000275354,-1.4984247405233682e-09,1,3.0,1.0,2.814921292774133,1.400605409429545e-09,0.18,1.6106962208439767e-09,-10.579909523625286,10.579909021689373,5.014921292774133
1779563352.5199952,8.150058269500732,0.18946722642676084,1.0000000003351845,-1.4995909187884345e-09,1,3.0,1.0,2.810532773573239,1.3803309606430503e-09,0.18,1.5873806047395077e-09,-10.579909519992402,10.579909025322255,5.01053277357324
1779563352.6210093,8.251072406768799,0.19101517722049302,1.000000000337893,-1.4996655257756893e-09,1,3.0,1.0,2.808984822779507,1.379375280663453e-09,0.18,1.5862815727629708e-09,-10.57990951982116,10.5799090254935,5.0089848227795075
1779563352.7216,8.35166311264038,0.19591343446035547,1.0000000002674978,-1.498428293237047e-09,1,3.0,1.0,2.8040865655396443,1.4030328010505855e-09,0.18,1.6134877212081731e-09,-10.579909524060238,10.57990902125442,5.0040865655396445
1779563352.8221204,8.452183485031128,0.19900793887871218,1.000000000230645,-1.4978136737706146e-09,1,3.0,1.0,2.800992061121288,1.4154695193724365e-09,0.18,1.6277899472783018e-09,-10.579909526288715,10.579909019025942,5.000992061121288
1779563352.9227505,8.552813529968262,0.2010725614842969,1.0000000002370288,-1.4979495650688287e-09,1,3.0,1.0,2.7989274385157032,1.413264172356321e-09,0.18,1.6252537982097691e-09,-10.579909525893552,10.579909019421107,4.998927438515703
1779563353.023408,8.653470993041992,0.20494548313340472,1.0000000002920557,-1.4990020564961733e-09,1,3.0,1.0,2.7950545168665952,1.3945120613811923e-09,0.18,1.603688870588371e-09,-10.579909522533447,10.57990902278121,4.995054516866595
1779563353.1242642,8.754327297210693,0.20830009095917626,1.0000000003111156,-1.4994106185692354e-09,1,3.0,1.0,2.791699909040824,1.387967518695632e-09,0.18,1.5961626464999765e-09,-10.579909521360761,10.579909023953897,4.991699909040824
1779563353.2252004,8.855263471603394,0.21036288816377408,1.000000000289906,-1.499038471811381e-09,1,3.0,1.0,2.789637111836226,1.3951160227065884e-09,0.18,1.6043834261125766e-09,-10.57990952264167,10.57990902267299,4.989637111836226
1779563353.3262975,8.956360578536987,0.21371431281804992,1.0000000002301181,-1.4979939739898137e-09,1,3.0,1.0,2.78628568718195,1.4154042382585885e-09,0.18,1.6277148739973767e-09,-10.579909526277019,10.57990901903764,4.98628568718195
1779563353.4270892,9.057152271270752,0.21603582263658944,1.000000000205732,-1.4975925173441092e-09,1,3.0,1.0,2.7839641773634107,1.4236936074496498e-09,0.18,1.6372476485670971e-09,-10.579909527762352,10.579909017552305,4.9839641773634105
1779563353.5278606,9.157923698425293,0.22042471037389752,1.0000000002414107,-1.498283520154636e-09,1,3.0,1.0,2.7795752896261026,1.4114318602764797e-09,0.18,1.6231466393179516e-09,-10.579909525565226,10.579909019749431,4.979575289626102
1779563353.6287189,9.258781909942627,0.22197390131135686,1.0000000002650884,-1.4987444847544603e-09,1,3.0,1.0,2.778026098688643,1.4033210149477782e-09,0.18,1.6138191671899448e-09,-10.579909524111883,10.579909021202775,4.978026098688643
1779563353.7297194,9.359782457351685,0.226102075566236,1.000000000280578,-1.4990935388734024e-09,1,3.0,1.0,2.773897924433764,1.3979439827949136e-09,0.18,1.6076355802141504e-09,-10.579909523148396,10.57990902216626,4.973897924433764
1779563353.8301892,9.460252285003662,0.22996931714421717,1.0000000002193608,-1.4980188429855653e-09,1,3.0,1.0,2.770030682855783,1.4188281660665325e-09,0.18,1.6316523909765123e-09,-10.579909526890537,10.579909018424122,4.970030682855783
1779563353.9310658,9.561128854751587,0.22996931714421717,1.0000000002193608,-1.4980188429855653e-09,1,3.0,1.0,2.770030682855783,1.4188281660665325e-09,0.18,1.6316523909765123e-09,-10.579909526890537,10.579909018424122,4.970030682855783
1779563354.0318336,9.661896705627441,0.233322812699037,1.0000000001799194,-1.497358926419728e-09,1,3.0,1.0,2.766677187300963,1.4323280339567646e-09,0.18,1.6471772390502792e-09,-10.579909529309514,10.579909016005143,4.966677187300963
1779563354.1327813,9.762844324111938,0.23771215077680066,1.0000000002185645,-1.4981076608275353e-09,1,3.0,1.0,2.7622878492231995,1.4189831532007702e-09,0.18,1.6318306261808857e-09,-10.579909526918309,10.57990901839635,4.962287849223199
1779563354.2336626,9.863725662231445,0.24003555005518654,1.0000000002507792,-1.4987435965760406e-09,1,3.0,1.0,2.7599644499448135,1.4078804788653088e-09,0.18,1.6190625506951049e-09,-10.579909524928873,10.579909020385784,4.959964449944813
1779563354.3341866,9.964249610900879,0.243388898963785,1.000000000252976,-1.498827973525912e-09,1,3.0,1.0,2.756611101036215,1.4070571374702467e-09,0.18,1.6181157080907837e-09,-10.579909524781339,10.579909020533318,4.9566111010362155
1779563354.4350474,10.065110445022583,0.2475141945964216,1.0000000001861946,-1.4976626834392655e-09,1,3.0,1.0,2.7524858054035786,1.430016549619495e-09,0.18,1.6445190320624192e-09,-10.579909528895332,10.579909016419327,4.952485805403579
1779563354.536189,10.166252136230469,0.24906193559864612,1.0000000001640978,-1.4972896485029915e-09,1,3.0,1.0,2.7509380644013537,1.4376380086389418e-09,0.18,1.6532837099347829e-09,-10.579909530260984,10.579909015053673,4.950938064401354
1779563354.6397963,10.269859313964844,0.252675941730456,1.0000000001636782,-1.4973189583908416e-09,1,3.0,1.0,2.747324058269544,1.4377414814248368e-09,0.18,1.6534027036385623e-09,-10.579909530279526,10.579909015035133,4.947324058269544
1779563354.7405698,10.370632886886597,0.25654888421856664,1.0000000002180462,-1.498375002531865e-09,1,3.0,1.0,2.743451115781433,1.4188961117156396e-09,0.18,1.6317305284729853e-09,-10.579909526902712,10.579909018411945,4.943451115781434
1779563354.841604,10.471667051315308,0.25835508121881295,1.0000000002333196,-1.4986867531571798e-09,1,3.0,1.0,2.741644918781187,1.4135848047658328e-09,0.18,1.6256225254807075e-09,-10.579909525951003,10.579909019363656,4.941644918781187
1779563354.9428833,10.572442293167114,0.26248074528017296,1.0000000001993945,-1.4981076608275353e-09,1,3.0,1.0,2.7375192547198273,1.4252701241446175e-09,0.18,1.63906064276631e-09,-10.579909528044842,10.579909017269816,4.937519254719827
1779563355.0433557,10.673418760299683,0.265575513857756,1.0000000001460767,-1.4971910606984048e-09,1,3.0,1.0,2.734424486142244,1.4437695483593416e-09,0.18,1.6603349806132426e-09,-10.579909531359668,10.57990901395499,4.934424486142245
1779563355.1439798,10.774042844772339,0.2681565106837515,1.0000000001288796,-1.496912172674619e-09,1,3.0,1.0,2.7318434893162484,1.4497354428044673e-09,0.18,1.6671957592251372e-09,-10.579909532428667,10.57990901288599,4.931843489316249
1779563355.2463071,10.876370191574097,0.2707387455062747,1.0000000001496403,-1.4973136293203234e-09,1,3.0,1.0,2.7292612544937254,1.442485686453665e-09,0.18,1.6588585394217146e-09,-10.579909531129617,10.57990901418504,4.929261254493725
1779563355.3472621,10.977325201034546,0.27280426926305007,1.0000000001804683,-1.4979140379320407e-09,1,3.0,1.0,2.72719573073695,1.431740503932133e-09,0.18,1.6465015795219527e-09,-10.579909529204238,10.57990901611042,4.92719573073695
1779563355.4477851,11.077848196029663,0.276158384431339,1.0000000002084013,-1.4984833602990684e-09,1,3.0,1.0,2.723841615568661,1.4219732058506906e-09,0.18,1.635269186728294e-09,-10.579909527454083,10.579909017860574,4.923841615568661
1779563355.5482876,11.178350687026978,0.2777054915104668,1.0000000002001757,-1.498345692644015e-09,1,3.0,1.0,2.7222945084895334,1.4248136004368916e-09,0.18,1.6385356405024252e-09,-10.579909527963038,10.579909017351618,4.922294508489533
1779563355.6488276,11.278890609741211,0.28389563194433765,1.0000000001079143,-1.4967585178080108e-09,1,3.0,1.0,2.7161043680556625,1.4570273876302053e-09,0.18,1.675581495774736e-09,-10.579909533735277,10.57990901157938,4.916104368055662
1779563355.7497556,11.379818677902222,0.2872522567123096,1.0000000001166491,-1.4969485879898266e-09,1,3.0,1.0,2.7127477432876903,1.453948073049105e-09,0.18,1.6720402840064705e-09,-10.57990953318351,10.579909012131148,4.9127477432876905
1779563355.850658,11.48072099685669,0.28905969565707945,1.000000000141813,-1.497436197942242e-09,1,3.0,1.0,2.7109403043429205,1.445124908627804e-09,0.18,1.6618936449219745e-09,-10.579909531602528,10.57990901371213,4.910940304342921
1779563355.9512138,11.581276893615723,0.2931879794934406,1.0000000001824838,-1.4982542102667858e-09,1,3.0,1.0,2.7068120205065593,1.4308376705685077e-09,0.18,1.6454633211537837e-09,-10.579909529042464,10.579909016272195,4.9068120205065595
1779563356.0519204,11.681983470916748,0.2955085039605808,1.0000000001663194,-1.4979788749566788e-09,1,3.0,1.0,2.7044914960394193,1.4364816003364922e-09,0.18,1.6519538403869659e-09,-10.579909530053774,10.579909015260885,4.9044914960394195
1779563356.152818,11.782881021499634,0.2993770499256725,1.0000000001013094,-1.4968579937910172e-09,1,3.0,1.0,2.7006229500743277,1.459344645127203e-09,0.18,1.6782463418962833e-09,-10.579909534150497,10.579909011164162,4.900622950074328
1779563356.2536986,11.883761644363403,0.30299113034016906,1.0000000000799383,-1.4965124923857539e-09,1,3.0,1.0,2.697008869659831,1.4668728454125812e-09,0.18,1.6869037722244682e-09,-10.57990953549944,10.579909009815218,4.897008869659831
1779563356.3542821,11.984345197677612,0.30454051093433965,1.000000000093241,-1.4967709523058866e-09,1,3.0,1.0,2.6954594890656605,1.462179266553676e-09,0.18,1.681506156536727e-09,-10.579909534658418,10.57990901065624,4.895459489065661
1779563356.454912,12.084975004196167,0.3089281200693673,1.0000000001511609,-1.4979122615752013e-09,1,3.0,1.0,2.691071879930633,1.4417409488487465e-09,0.18,1.6580020911760584e-09,-10.579909530996172,10.579909014318487,4.8910718799306325
1779563356.555486,12.185549020767212,0.3107333160568254,1.0000000001559513,-1.4980206193424047e-09,1,3.0,1.0,2.6892666839431745,1.440030317212404e-09,0.18,1.6560348647942644e-09,-10.579909530689651,10.579909014625006,4.889266683943175
1779563356.6563623,12.286425352096558,0.3140852337971818,1.0000000001175324,-1.4973571500628887e-09,1,3.0,1.0,2.685914766202818,1.4535981307517432e-09,0.18,1.6716378503645045e-09,-10.579909533120805,10.579909012193854,4.885914766202818
1779563356.7573924,12.387455463409424,0.31821373908273726,1.0000000000565132,-1.4963162049550001e-09,1,3.0,1.0,2.6817862609172627,1.4752430388398352e-09,0.18,1.6965294946658104e-09,-10.579909536999255,10.579909008315402,4.881786260917263
1779563356.8592095,12.489272594451904,0.32002120320841493,1.0000000000541867,-1.4962904477808288e-09,1,3.0,1.0,2.679978796791585,1.4760712652162056e-09,0.18,1.6974819549986363e-09,-10.579909537147662,10.579909008166997,4.879978796791585
1779563356.9603102,12.590373277664185,0.3238938821423668,1.0000000000996874,-1.4971804025573684e-09,1,3.0,1.0,2.6761061178576333,1.4599295106165755e-09,0.18,1.6789189372090617e-09,-10.579909534255295,10.579909011059362,4.876106117857633
1779563357.0619402,12.691495418548584,0.3262157514954963,1.0000000001266,-1.4977168623228672e-09,1,3.0,1.0,2.6737842485045036,1.4503682699285037e-09,0.18,1.667923510417779e-09,-10.579909532542061,10.579909012772598,4.873784248504504
1779563357.1628869,12.792949914932251,0.3298255976158831,1.000000000113448,-1.4975125812863362e-09,1,3.0,1.0,2.670174402384117,1.4550254334722013e-09,0.18,1.6732792484930314e-09,-10.579909533376554,10.579909011938103,4.870174402384117
1779563357.263792,12.893855094909668,0.3342111501685915,1.000000000041928,-1.49628689506715e-09,1,3.0,1.0,2.6657888498314084,1.4805587866817405e-09,0.18,1.7026426046840014e-09,-10.579909537951757,10.5799090073629,4.865788849831409
1779563357.3652258,12.994774580001831,0.3360183916996144,1.0000000000279026,-1.4960515277859295e-09,1,3.0,1.0,2.6639816083003858,1.485577438842256e-09,0.18,1.7084140546685943e-09,-10.579909538851028,10.579909006463629,4.863981608300386
1779563357.466554,13.096616983413696,0.33834239746220934,1.0000000000376055,-1.496251367930362e-09,1,3.0,1.0,2.6616576025377907,1.4821228688788324e-09,0.18,1.704441299210657e-09,-10.57990953823202,10.57990900708264,4.8616576025377904
1779563357.567214,13.197277069091797,0.34221376851617213,1.0000000000903129,-1.4972887603245718e-09,1,3.0,1.0,2.657786231483828,1.4633081413251148e-09,0.18,1.682804362523882e-09,-10.579909534860697,10.57990901045396,4.8577862314838285
1779563357.668103,13.298166036605835,0.34582391039448973,1.0000000000996063,-1.4975010349668801e-09,1,3.0,1.0,2.65417608960551,1.4599730313591408e-09,0.18,1.6789689860630118e-09,-10.579909534263093,10.579909011051564,4.85417608960551
1779563357.7690046,13.399067640304565,0.3476289044065983,1.0000000000774996,-1.4971200064248288e-09,1,3.0,1.0,2.6523710955934017,1.4679009119333841e-09,0.18,1.6880860487233916e-09,-10.579909535683655,10.579909009631004,4.852371095593401
1779563357.870534,13.500094413757324,0.3514993132878596,1.0000000000143285,-1.4960399814664734e-09,1,3.0,1.0,2.6485006867121403,1.4906298417827202e-09,0.18,1.714224318050128e-09,-10.579909539756345,10.579909005558314,4.848500686712141
1779563357.970895,13.600958108901978,0.3548560439339037,1.000000000006888,-1.4959369527697882e-09,1,3.0,1.0,2.6451439560660965,1.4933330128030775e-09,0.18,1.717332964723539e-09,-10.579909540240712,10.579909005073945,4.845143956066097
1779563358.0722916,13.701851606369019,0.3569213553362715,1.0000000000307065,-1.4964059109753899e-09,1,3.0,1.0,2.6430786446637287,1.4847882923163525e-09,0.18,1.7075065361638053e-09,-10.579909538709623,10.579909006605034,4.843078644663729
1779563358.1725786,13.80264163017273,0.360790878329631,1.000000000077034,-1.49732339928294e-09,1,3.0,1.0,2.639209121670369,1.4681349469469751e-09,0.18,1.6883551889890213e-09,-10.579909535725587,10.57990900958907,4.839209121670369
1779563358.273128,13.903191089630127,0.3641428612898951,1.0000000000605882,-1.4970578339354497e-09,1,3.0,1.0,2.635857138710105,1.4740715315042507e-09,0.18,1.6951822612298882e-09,-10.579909536789339,10.579909008525318,4.8358571387101055
1779563358.3755884,14.00423812866211,0.36646447603977145,1.000000000021886,-1.4963952528343535e-09,1,3.0,1.0,2.6335355239602287,1.4880847665210695e-09,0.18,1.7112974814992297e-09,-10.579909539300305,10.579909006014352,4.8335355239602285
1779563358.4764733,14.106536388397217,0.36982035918912937,0.999999999978668,-1.4956580647460024e-09,1,3.0,1.0,2.6301796408108706,1.5037686651453441e-09,0.18,1.7293339649171457e-09,-10.579909542110629,10.57990900320403,4.83017964081087
1779563358.5780332,14.207575559616089,0.37395128399089317,1.000000000004014,-1.4961749845862678e-09,1,3.0,1.0,2.626048716009107,1.494646628685814e-09,0.18,1.7188436229886859e-09,-10.579909540476093,10.579909004838564,4.826048716009107
1779563358.6789443,14.308485269546509,0.3765311850935247,1.000000000039984,-1.4968846391436082e-09,1,3.0,1.0,2.6234688149064755,1.4816436966214042e-09,0.18,1.7038902511146146e-09,-10.579909538146158,10.5799090071685,4.823468814906476
1779563358.779857,14.409399032592773,0.3796254063412372,1.0000000000507387,-1.49711645371115e-09,1,3.0,1.0,2.620374593658763,1.4777534751431176e-09,0.18,1.699416496414585e-09,-10.579909537449089,10.57990900786557,4.820374593658763
1779563358.8802595,14.510322570800781,0.38143051307772957,1.0000000000323175,-1.4968038149074155e-09,1,3.0,1.0,2.6185694869222704,1.4844623308363225e-09,0.18,1.7071316804617708e-09,-10.579909538651217,10.579909006663442,4.818569486922271
1779563358.9811068,14.611169815063477,0.38530124400636273,0.9999999999685785,-1.4957140199864435e-09,1,3.0,1.0,2.614698755993637,1.5077312731648362e-09,0.18,1.7338909641395615e-09,-10.57990954282067,10.579909002493986,4.814698755993637
1779563359.0822778,14.712340831756592,0.3865922385794527,0.9999999999552549,-1.4954857581325805e-09,1,3.0,1.0,2.6134077614205475,1.51260692859978e-09,0.18,1.739497967889747e-09,-10.579909543694317,10.579909001620342,4.813407761420548
1779563359.184074,14.813130855560303,0.3889161611107799,0.9999999999549207,-1.4955026335225548e-09,1,3.0,1.0,2.61108383888922,1.512767244804536e-09,0.18,1.7396823315252162e-09,-10.579909543723042,10.579909001591615,4.81108383888922
1779563359.2850757,14.914635181427002,0.39020692601278045,0.9999999999671703,-1.4957459944095527e-09,1,3.0,1.0,2.6097930739872197,1.5083254645276156e-09,0.18,1.7345742842067579e-09,-10.57990954292714,10.579909002387518,4.80979307398722
1779563359.3854654,15.015528440475464,0.39227126643952037,0.9999999999962174,-1.496319757668679e-09,1,3.0,1.0,2.6077287335604797,1.4977703521878993e-09,0.18,1.722435905016084e-09,-10.579909541035818,10.57990900427884,4.80772873356048
1779563359.488403,15.117463827133179,0.39330300607405644,1.0000000000102995,-1.4965968693356254e-09,1,3.0,1.0,2.6066969939259437,1.4926455627062296e-09,0.18,1.7165423971121639e-09,-10.579909540117532,10.579909005197125,4.806696993925944
1779563359.5911558,15.220209836959839,0.39768656150497894,1.0000000000172382,-1.4967762813764048e-09,1,3.0,1.0,2.6023134384950213,1.4901520017929215e-09,0.18,1.7136748020618596e-09,-10.579909539670723,10.579909005643934,4.8023134384950215
1779563359.6933212,15.323384284973145,0.3994921771269751,0.999999999991519,-1.4963384094154926e-09,1,3.0,1.0,2.6005078228730247,1.4995995556432717e-09,0.18,1.7245394889897624e-09,-10.579909541363586,10.579909003951073,4.800507822873025
1779563359.794247,15.424309968948364,0.40129866861625546,0.9999999999599907,-1.4957992851147347e-09,1,3.0,1.0,2.5987013313837446,1.5111951690016667e-09,0.18,1.7378744443519166e-09,-10.579909543441351,10.579909001873308,4.798701331383745
1779563359.8949828,15.52504587173462,0.4064625140600243,0.9999999999328194,-1.4953667422243407e-09,1,3.0,1.0,2.593537485939976,1.5212697768163252e-09,0.18,1.7494602433387738e-09,-10.579909545246572,10.579909000068087,4.793537485939976
1779563359.9972172,15.625755786895752,0.4074949605502271,0.9999999999439239,-1.495587898650846e-09,1,3.0,1.0,2.592505039449773,1.5172179068656533e-09,0.18,1.7448005928955012e-09,-10.579909544520536,10.579909000794123,4.7925050394497735
1779563360.0974116,15.727474689483643,0.4126533991428101,1.0000000000013827,-1.4967247670280622e-09,1,3.0,1.0,2.58734660085719,1.4961902827792528e-09,0.18,1.7206188251961407e-09,-10.579909540752695,10.579909004561964,4.78734660085719
1779563360.2002149,15.830277919769287,0.4136847869580409,0.9999999999998911,-1.496707891638088e-09,1,3.0,1.0,2.586315213041959,1.4967498351836639e-09,0.18,1.7212623104612134e-09,-10.579909540852958,10.579909004461701,4.786315213041959
1779563360.3008425,15.93090558052063,0.4160060505560887,0.9999999999754449,-1.4962966650297667e-09,1,3.0,1.0,2.5839939494439115,1.5057994851019885e-09,0.18,1.7316694078672866e-09,-10.579909542474523,10.579909002840134,4.783993949443912
1779563360.4023266,16.031885147094727,0.41987778818594035,0.999999999913085,-1.4952281863908675e-09,1,3.0,1.0,2.58012221181406,1.528914772563894e-09,0.18,1.758251988448478e-09,-10.579909546616443,10.579908998698215,4.78012221181406
1779563360.5026975,16.132760524749756,0.42220169516808065,0.999999999900467,-1.4950212408190774e-09,1,3.0,1.0,2.5777983048319193,1.5336327763293411e-09,0.18,1.7636776927787421e-09,-10.579909547461842,10.579908997852817,4.7777983048319195
1779563360.603689,16.233752012252808,0.42323436553046917,0.9999999999047959,-1.4951136113747262e-09,1,3.0,1.0,2.5767656344695307,1.532060700526472e-09,0.18,1.7618698056054425e-09,-10.579909547180147,10.579908998134512,4.776765634469531
1779563360.705055,16.334614515304565,0.42839387222711867,0.999999999968284,-1.4963686074817625e-09,1,3.0,1.0,2.5716061277728812,1.5087016080883586e-09,0.18,1.7350068493016123e-09,-10.579909542994539,10.579909002320118,4.771606127772881
1779563360.8114743,16.441537380218506,0.429425234595615,0.9999999999747351,-1.4964982815310387e-09,1,3.0,1.0,2.570574765404385,1.5063266189940805e-09,0.18,1.7322756118431925e-09,-10.579909542568977,10.579909002745682,4.770574765404385
1779563360.9128335,16.542896509170532,0.43510057728658286,0.9999999999158364,-1.4955150680204306e-09,1,3.0,1.0,2.564899422713417,1.528328574806892e-09,0.18,1.7575778610279256e-09,-10.579909546511406,10.579908998803251,4.764899422713417
1779563361.013868,16.64342188835144,0.43613326735262054,0.9999999998990072,-1.4952255218556084e-09,1,3.0,1.0,2.5638667326473796,1.534616433929159e-09,0.18,1.7648088990185327e-09,-10.579909547638099,10.57990899767656,4.763866732647379
1779563361.11415,16.744213104248047,0.4379407454897537,0.9999999998788102,-1.494877355915086e-09,1,3.0,1.0,2.5620592545102463,1.5421792731729056e-09,0.18,1.7735061641488413e-09,-10.579909548993248,10.57990899632141,4.7620592545102465
1779563361.2147944,16.844857454299927,0.4420707864882119,0.9999999998977248,-1.495283253452889e-09,1,3.0,1.0,2.557929213511788,1.5352670246215894e-09,0.18,1.7655570783148276e-09,-10.579909547754673,10.579908997559984,4.7579292135117885
1779563361.3154597,16.945522785186768,0.44439213301110164,0.9999999999304062,-1.4959271828071715e-09,1,3.0,1.0,2.555607866988898,1.5231589323150274e-09,0.18,1.7516327721622814e-09,-10.579909545585082,10.579908999729577,4.755607866988899
1779563361.4159348,17.045997858047485,0.44542354652957983,0.9999999999418705,-1.496151003768936e-09,1,3.0,1.0,2.5545764534704203,1.5189058899522934e-09,0.18,1.7467417734451373e-09,-10.579909544822998,10.57990900049166,4.7545764534704205
1779563361.51664,17.146703004837036,0.45058191723185836,0.9999999999181906,-1.4957930678657968e-09,1,3.0,1.0,2.549418082768142,1.5278827092402025e-09,0.18,1.7570651156262329e-09,-10.579909546431512,10.579908998883145,4.749418082768142
1779563361.6174629,17.247525930404663,0.45187246231799905,0.9999999998960327,-1.4954147038590045e-09,1,3.0,1.0,2.548127537682001,1.536216043263039e-09,0.18,1.7666484497524948e-09,-10.579909547924723,10.579908997389932,4.748127537682001
1779563361.7181072,17.348170280456543,0.4544544057314787,0.9999999998582961,-1.4947627808989446e-09,1,3.0,1.0,2.5455455942685212,1.55043000660271e-09,0.18,1.7829945075931163e-09,-10.579909550471658,10.579908994842999,4.745545594268521
1779563361.8186858,17.44874882698059,0.45781048357966225,0.9999999998568829,-1.4947787681104992e-09,1,3.0,1.0,2.5421895164203376,1.551075712313832e-09,0.18,1.7837370691609066e-09,-10.579909550587358,10.5799089947273,4.742189516420338
1779563361.9193656,17.549428701400757,0.4603903071640664,0.9999999998894659,-1.4954271383568803e-09,1,3.0,1.0,2.5396096928359335,1.5389511887065055e-09,0.18,1.7697938670124811e-09,-10.579909548414822,10.579908996899837,4.739609692835934
1779563362.0202804,17.650343418121338,0.46425820005035323,0.999999999924155,-1.4961137002753085e-09,1,3.0,1.0,2.5357417999496468,1.52602419589698e-09,0.18,1.754927825281527e-09,-10.579909546098493,10.579908999216164,4.735741799949647
1779563362.1217976,17.75135612487793,0.4663216647930414,0.9999999999117097,-1.495916524666135e-09,1,3.0,1.0,2.5336783352069587,1.53076307185529e-09,0.18,1.7603775326335835e-09,-10.579909546947631,10.579908998367028,4.7336783352069585
1779563362.222083,17.85214614868164,0.46916066936186857,0.999999999867245,-1.49516157300939e-09,1,3.0,1.0,2.5308393306381314,1.5476167014583098e-09,0.18,1.779759206677056e-09,-10.579909549967555,10.579908995347104,4.730839330638132
1779563362.3226826,17.95274567604065,0.4725172853724148,0.9999999998260242,-1.4944510302736299e-09,1,3.0,1.0,2.527482714627585,1.5632846128710298e-09,0.18,1.7977773048016841e-09,-10.579909552775014,10.579908992539643,4.727482714627586
1779563362.423456,18.053519010543823,0.4738080470521582,0.9999999998250161,-1.4944483657383708e-09,1,3.0,1.0,2.526191952947842,1.563716267583004e-09,0.18,1.7982737077204547e-09,-10.57990955285236,10.579908992462297,4.726191952947842
1779563362.5241969,18.15425992012024,0.47870936327323765,0.999999999880434,-1.4955532596924777e-09,1,3.0,1.0,2.5212906367267625,1.5429759692153766e-09,0.18,1.774422364597683e-09,-10.579909549136003,10.579908996178656,4.721290636726763
1779563362.6252275,18.255290508270264,0.4807721748520888,0.9999999998974224,-1.4958881029567047e-09,1,3.0,1.0,2.519227825147911,1.5366059535892873e-09,0.18,1.7670968466276802e-09,-10.579909547994589,10.579908997320068,4.719227825147911
1779563362.7258058,18.355868816375732,0.4820616737703714,0.9999999998967612,-1.4958916556703835e-09,1,3.0,1.0,2.5179383262296287,1.5368928352188505e-09,0.18,1.7674267605016778e-09,-10.579909548045995,10.579908997268664,4.717938326229628
1779563362.827225,18.457288026809692,0.4861907323843066,0.999999999842942,-1.4949874900391288e-09,1,3.0,1.0,2.5138092676156933,1.5574657119543645e-09,0.18,1.791085568747519e-09,-10.579909551732353,10.579908993582306,4.7138092676156935
1779563362.9284792,18.558542251586914,0.4885145710194872,0.999999999809023,-1.4943995159252873e-09,1,3.0,1.0,2.511485428980513,1.5704411104877636e-09,0.18,1.806007277060928e-09,-10.579909554057354,10.579908991257302,4.711485428980513
1779563363.0291882,18.65925121307373,0.4895473232254707,0.9999999998010493,-1.4942645128054929e-09,1,3.0,1.0,2.510452676774529,1.5735133196415063e-09,0.18,1.8095403175877322e-09,-10.57990955460785,10.579908990706809,4.71045267677453
1779563363.1298587,18.75992178916931,0.4949654834068529,0.9999999998435285,-1.495137592192058e-09,1,3.0,1.0,2.505034516593147,1.557600270984949e-09,0.18,1.7912403116326912e-09,-10.579909551756463,10.579908993558194,4.705034516593147
1779563363.2315185,18.861581563949585,0.4959968915915031,0.9999999998569463,-1.49539871664745e-09,1,3.0,1.0,2.504003108408497,1.5525287722084613e-09,0.18,1.7854080880397303e-09,-10.579909550847725,10.579908994466932,4.7040031084084974
1779563363.3329802,18.962538242340088,0.5011556372176224,0.9999999998521554,-1.4953853939711544e-09,1,3.0,1.0,2.4988443627823775,1.5545507103809086e-09,0.18,1.7877333169380449e-09,-10.579909551210028,10.579908994104631,4.698844362782378
1779563363.4339578,19.06402087211609,0.5032208036707643,0.999999999818636,-1.494815183425707e-09,1,3.0,1.0,2.4967791963292356,1.567454166462312e-09,0.18,1.8025722914316587e-09,-10.579909553522137,10.579908991792522,4.696779196329236
1779563363.5350928,19.164633989334106,0.5042536130660187,0.9999999998016017,-1.4945203081903665e-09,1,3.0,1.0,2.4957463869339813,1.574014696359427e-09,0.18,1.810116900813341e-09,-10.57990955469769,10.57990899061697,4.6957463869339815
1779563363.63605,19.265570163726807,0.5091581212365383,0.9999999997811226,-1.4942121102787305e-09,1,3.0,1.0,2.4908418787634616,1.5820851295700322e-09,0.18,1.8193978990055369e-09,-10.579909556143791,10.579908989170866,4.690841878763462
1779563363.7373762,19.36743927001953,0.5101899618699682,0.9999999997921175,-1.4944341548836556e-09,1,3.0,1.0,2.489810038130032,1.577927566387416e-09,0.18,1.8146167013455282e-09,-10.579909555398816,10.579908989915841,4.689810038130032
1779563363.8389082,19.468971252441406,0.514831646009359,0.9999999998452135,-1.4954768763483835e-09,1,3.0,1.0,2.485168353990641,1.5577610312789147e-09,0.18,1.791425185970752e-09,-10.57990955178527,10.579908993529388,4.685168353990641
1779563363.9397287,19.569791793823242,0.5158633448506768,0.9999999998462786,-1.4955088507714927e-09,1,3.0,1.0,2.484136655149323,1.55739021678869e-09,0.18,1.7909987493069934e-09,-10.579909551718824,10.579908993595833,4.684136655149324
1779563364.0406764,19.67073941230774,0.518443730035748,0.9999999998237825,-1.495146473976255e-09,1,3.0,1.0,2.481556269964252,1.5661574259695499e-09,0.18,1.8010810398649822e-09,-10.57990955328978,10.579908992024878,4.681556269964252
1779563364.1416385,19.77170157432556,0.5230910438674747,0.9999999997548863,-1.4939598676075357e-09,1,3.0,1.0,2.476908956132525,1.5929195740227442e-09,0.18,1.8318575101261558e-09,-10.579909558085165,10.579908987229492,4.676908956132525
1779563364.2422564,19.87231945991516,0.5243816976019603,0.9999999997485294,-1.4938586152676899e-09,1,3.0,1.0,2.47561830239804,1.595437559842594e-09,0.18,1.8347531938189831e-09,-10.579909558536352,10.579908986778307,4.67561830239804
1779563364.3429945,19.973057508468628,0.5292827128693751,0.9999999997937934,-1.4947787681104992e-09,1,3.0,1.0,2.4707172871306247,1.5782388729235208e-09,0.18,1.8149747038620488e-09,-10.579909555454599,10.57990898986006,4.670717287130625
1779563364.4436126,20.073675632476807,0.5303141209895565,0.9999999998067367,-1.4950292344248547e-09,1,3.0,1.0,2.4696858790104432,1.573283281430804e-09,0.18,1.8092757736454244e-09,-10.579909554566628,10.579908990748029,4.669685879010443
1779563364.5451105,20.174670219421387,0.5328931748295354,0.9999999998205243,-1.4953116751623193e-09,1,3.0,1.0,2.4671068251704646,1.5680590159661278e-09,0.18,1.8032678683610468e-09,-10.579909553630518,10.57990899168414,4.667106825170465
1779563364.645455,20.27551794052124,0.5365063844262948,0.999999999783096,-1.4946988320527262e-09,1,3.0,1.0,2.463493615573705,1.582746378403499e-09,0.18,1.8201583351640237e-09,-10.579909556262278,10.579908989052381,4.663493615573706
1779563364.7477162,20.377779245376587,0.538571983552812,0.9999999997490502,-1.494109969760465e-09,1,3.0,1.0,2.4614280164471882,1.596062837450063e-09,0.18,1.8354722630675722e-09,-10.579909558648392,10.579908986666267,4.661428016447188
1779563364.8485923,20.478655338287354,0.5396047372422406,0.9999999997353889,-1.4938719379439854e-09,1,3.0,1.0,2.4603952627577597,1.601420329677694e-09,0.18,1.841633379129348e-09,-10.579909559608375,10.579908985706282,4.66039526275776
1779563364.949582,20.57964515686035,0.5445073465720406,0.999999999742621,-1.4940851007647134e-09,1,3.0,1.0,2.4554926534279593,1.598902787947054e-09,0.18,1.838738206139112e-09,-10.579909559157269,10.579908986157388,4.6554926534279595
1779563365.0503836,20.68044662475586,0.54605454779028,0.9999999997635955,-1.4944972155514543e-09,1,3.0,1.0,2.45394545220972,1.5908336870040785e-09,0.18,1.82945874005469e-09,-10.579909557711405,10.579908987603252,4.653945452209721
1779563365.1516352,20.78169822692871,0.548375355807749,0.9999999997898085,-1.4950061417859425e-09,1,3.0,1.0,2.451624644192251,1.5807417597102358e-09,0.18,1.817853023666771e-09,-10.579909555903079,10.579908989411578,4.6516246441922515
1779563365.2521534,20.882216453552246,0.5522456257577798,0.999999999777796,-1.494850710562495e-09,1,3.0,1.0,2.44775437424222,1.5856294055538456e-09,0.18,1.8234738163869222e-09,-10.579909556778874,10.579908988535784,4.64775437424222
1779563365.352723,20.982785940170288,0.5543110438562323,0.9999999997457435,-1.4943062571912188e-09,1,3.0,1.0,2.445688956143768,1.5982672962877587e-09,0.18,1.8380073907309223e-09,-10.579909559043397,10.579908986271258,4.6456889561437675
1779563365.4533188,21.08338189125061,0.5581834725500335,0.9999999996990104,-1.4935006793645507e-09,1,3.0,1.0,2.4418165274499666,1.6167653882348532e-09,0.18,1.859280196470081e-09,-10.579909562357985,10.57990898295667,4.641816527449967
1779563365.5580451,21.188108205795288,0.5602475188533798,0.9999999997033492,-1.4936161425591118e-09,1,3.0,1.0,2.4397524811466202,1.6152066351082794e-09,0.18,1.8574876303745213e-09,-10.57990956207868,10.57990898323598,4.639752481146621
1779563365.6586673,21.28873038291931,0.5612791766302351,0.9999999997132224,-1.4938186472388034e-09,1,3.0,1.0,2.438720823369765,1.6114118928101107e-09,0.18,1.8531236767316272e-09,-10.579909561398717,10.57990898391594,4.638720823369765
1779563365.759268,21.389331102371216,0.5664369105490056,0.9999999997684987,-1.4949057776245163e-09,1,3.0,1.0,2.4335630894509945,1.5900343264263483e-09,0.18,1.8285394753903004e-09,-10.579909557568172,10.579908987746487,4.633563089450995
1779563365.860063,21.490126132965088,0.5674689535733615,0.9999999997678349,-1.4949093303381951e-09,1,3.0,1.0,2.4325310464266385,1.5903509620329714e-09,0.18,1.828903606337917e-09,-10.579909557624907,10.57990898768975,4.632531046426639
1779563365.9608572,21.590920209884644,0.5728902902355484,0.9999999996966651,-1.4937076249363409e-09,1,3.0,1.0,2.4271097097644514,1.6186856299782448e-09,0.18,1.8614884744749815e-09,-10.579909562702065,10.579908982612592,4.627109709764452
1779563366.0617912,21.691854238510132,0.574955317340883,0.9999999996752585,-1.493339919070585e-09,1,3.0,1.0,2.425044682659117,1.6272516667470427e-09,0.18,1.871339416759099e-09,-10.57990956423697,10.579908981077683,4.625044682659118
1779563366.1622753,21.792338371276855,0.575987465395714,0.9999999996726193,-1.4933070564690561e-09,1,3.0,1.0,2.424012534604286,1.628364554306927e-09,0.18,1.8726192374529657e-09,-10.579909564436386,10.579908980878272,4.624012534604287
1779563366.262775,21.89283800125122,0.5811453906802658,0.9999999997238513,-1.494338231614328e-09,1,3.0,1.0,2.4188546093197343,1.6085031084855927e-09,0.18,1.8497785747584316e-09,-10.579909560877505,10.579908984437152,4.618854609319734
1779563366.3634748,21.99353790283203,0.582176980992212,0.9999999997348742,-1.4945522826134757e-09,1,3.0,1.0,2.417823019007788,1.6042069894695032e-09,0.18,1.8448380378899286e-09,-10.579909560107705,10.579908985206952,4.617823019007788
1779563366.464088,22.09415102005005,0.584240829738766,0.9999999997428207,-1.494726365583737e-09,1,3.0,1.0,2.415759170261234,1.6011854064856834e-09,0.18,1.8413632174585358e-09,-10.579909559566282,10.579908985748377,4.615759170261234
1779563366.5645573,22.194620370864868,0.5886294023730407,0.9999999996928829,-1.4938985832965764e-09,1,3.0,1.0,2.4113705976269593,1.6212604592169555e-09,0.18,1.8644495280994987e-09,-10.579909563163435,10.57990898215122,4.6113705976269594
1779563366.6651142,22.295177221298218,0.5909528872648694,0.9999999996591107,-1.4933097210043152e-09,1,3.0,1.0,2.4090471127351307,1.6348136178123696e-09,0.18,1.8800356604842247e-09,-10.579909565591963,10.579908979722696,4.609047112735131
1779563366.7660556,22.396118640899658,0.5935332356599079,0.9999999996480211,-1.4931462961750904e-09,1,3.0,1.0,2.406466764340092,1.6394099411343177e-09,0.18,1.885321432304465e-09,-10.579909566415557,10.579908978899102,4.606466764340093
1779563366.8669424,22.497005462646484,0.5963700550360299,0.999999999673219,-1.4936641041937756e-09,1,3.0,1.0,2.40362994496397,1.629617329967914e-09,0.18,1.874059929463101e-09,-10.579909564660866,10.579908980653792,4.60362994496397
1779563366.9674547,22.597517728805542,0.5986909222323991,0.9999999997032064,-1.4942449728802595e-09,1,3.0,1.0,2.4013090777676007,1.6178414163903199e-09,0.18,1.8605176288488676e-09,-10.579909562550792,10.579908982763865,4.601309077767601
1779563367.0684936,22.698556661605835,0.603852099014495,0.9999999996967489,-1.4942156629924093e-09,1,3.0,1.0,2.396147900985505,1.62077329335375e-09,0.18,1.8638892873568124e-09,-10.579909563076141,10.579908982238516,4.596147900985505
1779563367.1689246,22.79898762702942,0.6051430780353545,0.9999999996771394,-1.493881707906602e-09,1,3.0,1.0,2.3948569219646454,1.628695844857475e-09,0.18,1.8730002215860963e-09,-10.579909564495749,10.57990898081891,4.594856921964646
1779563367.2698457,22.899908781051636,0.6064340191453111,0.9999999996560356,-1.4935140020408462e-09,1,3.0,1.0,2.3935659808546887,1.6372179167944978e-09,0.18,1.8828006043136724e-09,-10.57990956602278,10.57990897929188,4.593565980854689
1779563367.3705971,23.000660181045532,0.6118525554685879,0.9999999996296149,-1.4931160981088206e-09,1,3.0,1.0,2.388147444531412,1.6482091247382868e-09,0.18,1.8954404934490298e-09,-10.57990956799224,10.579908977322415,4.588147444531412
1779563367.471101,23.10116410255432,0.612884032115975,0.9999999996402653,-1.4933319254648077e-09,1,3.0,1.0,2.387115967884025,1.6440302452735978e-09,0.18,1.8906347820646373e-09,-10.579909567243448,10.57990897807121,4.587115967884025
1779563367.5719905,23.202053546905518,0.6164945377567841,0.9999999996841427,-1.4941845767477198e-09,1,3.0,1.0,2.3835054622432157,1.626702772483668e-09,0.18,1.870708188356218e-09,-10.57990956413862,10.579908981176038,4.583505462243216
1779563367.6726959,23.302758932113647,0.6190750248796009,0.9999999996890371,-1.4943160271538355e-09,1,3.0,1.0,2.380924975120399,1.6249219747521693e-09,0.18,1.8686602709649945e-09,-10.579909563819525,10.579908981495132,4.580924975120399
1779563367.7737453,23.40380835533142,0.6213985578970395,0.9999999996648451,-1.4939225641139083e-09,1,3.0,1.0,2.3786014421029607,1.634826940488665e-09,0.18,1.8800509815619645e-09,-10.57990956559435,10.579908979720306,4.57860144210296
1779563367.8747382,23.504801273345947,0.6255289075826488,0.9999999996048985,-1.4928833953628592e-09,1,3.0,1.0,2.3744710924173513,1.6592789364722194e-09,0.18,1.908170776943052e-09,-10.57990956997579,10.579908975338867,4.574471092417351
1779563367.9756446,23.60570764541626,0.6278506977282226,0.9999999995977332,-1.49279191298563e-09,1,3.0,1.0,2.3721493022717777,1.6623711296404053e-09,0.18,1.911726799086466e-09,-10.579909570529866,10.579908974784791,4.572149302271778
1779563368.0762596,23.70632266998291,0.629140137876892,0.9999999996058125,-1.492966884134311e-09,1,3.0,1.0,2.370859862123108,1.6592305307483457e-09,0.18,1.9081151103605976e-09,-10.579909569967116,10.579908975347541,4.5708598621231085
1779563368.1771126,23.807175636291504,0.6340403874800806,0.9999999996615305,-1.4940593435905421e-09,1,3.0,1.0,2.3659596125199194,1.6371175526330717e-09,0.18,1.882685185528032e-09,-10.579909566004794,10.579908979309863,4.5659596125199196
1779563368.2776592,23.907722234725952,0.6350725916180708,0.9999999996653901,-1.494145496897253e-09,1,3.0,1.0,2.364927408381929,1.6356338505829626e-09,0.18,1.880978928170407e-09,-10.579909565738937,10.579908979575722,4.564927408381929
1779563368.3781476,24.0082106590271,0.6363631835384825,0.9999999996622414,-1.4941135224741438e-09,1,3.0,1.0,2.3636368164615176,1.6370114153119175e-09,0.18,1.882563127608705e-09,-10.579909565985776,10.57990897932888,4.563636816461518
1779563368.4789736,24.109036684036255,0.641526542682921,0.9999999995922907,-1.4929206988564866e-09,1,3.0,1.0,2.358473457317079,1.6657906165562508e-09,0.18,1.9156592090396884e-09,-10.579909571142586,10.57990897417207,4.5584734573170795
1779563368.5797791,24.209842205047607,0.6425587878924347,0.9999999995803195,-1.4927146414631161e-09,1,3.0,1.0,2.3574412121075654,1.6707382144431904e-09,0.18,1.9213489466096686e-09,-10.579909572029125,10.579908973285534,4.557441212107565
1779563368.6802514,24.310314416885376,0.6459119714969656,0.999999999577604,-1.492727075960992e-09,1,3.0,1.0,2.3540880285030346,1.672157967647081e-09,0.18,1.922981662794143e-09,-10.579909572283524,10.579908973031134,4.554088028503035
1779563368.7810931,24.411156177520752,0.649780303257877,0.9999999996233656,-1.4936259125217285e-09,1,3.0,1.0,2.350219696742123,1.6538810321264918e-09,0.18,1.9019631869454655e-09,-10.579909569008565,10.579908976306092,4.550219696742123
1779563368.8819084,24.511971473693848,0.6508122595293597,0.9999999996333667,-1.4938213117740625e-09,1,3.0,1.0,2.34918774047064,1.6498895583083595e-09,0.18,1.897372992054613e-09,-10.57990956829335,10.579908977021308,4.54918774047064
1779563368.9828663,24.612929344177246,0.6557168932268093,0.9999999996120765,-1.4935246601818826e-09,1,3.0,1.0,2.3442831067731906,1.6590009366268532e-09,0.18,1.907851077120881e-09,-10.579909569925976,10.579908975388681,4.544283106773191
1779563369.0839326,24.713995695114136,0.6567496107769052,0.9999999995959068,-1.4932457721580968e-09,1,3.0,1.0,2.343250389223095,1.665695581465343e-09,0.18,1.915549918685144e-09,-10.579909571125558,10.5799089741891,4.543250389223095
1779563369.1847668,24.81482982635498,0.6616522685181453,0.9999999995462572,-1.4924091080867393e-09,1,3.0,1.0,2.338347731481855,1.6864531993121545e-09,0.18,1.9394211792089777e-09,-10.579909574845018,10.579908970469639,4.5383477314818546
1779563369.2852085,24.915271520614624,0.663199539667655,0.9999999995536343,-1.4925769738080626e-09,1,3.0,1.0,2.336800460332345,1.6835928207115103e-09,0.18,1.9361317438182367e-09,-10.579909574332481,10.579908970982176,4.536800460332345
1779563369.3857634,25.01582646369934,0.6644888714983435,0.9999999995671786,-1.4928487564044909e-09,1,3.0,1.0,2.3355111285016568,1.678170491459241e-09,0.18,1.929896065178127e-09,-10.57990957336088,10.579908971953778,4.535511128501657
1779563369.4868684,25.116931438446045,0.6688744409690155,0.9999999996128823,-1.4937449284299683e-09,1,3.0,1.0,2.3311255590309843,1.6598096230779902e-09,0.18,1.9087810665396885e-09,-10.579909570070882,10.579908975243775,4.5311255590309845
1779563369.5880346,25.217593908309937,0.6717141896620543,0.9999999996009866,-1.4935850563144223e-09,1,3.0,1.0,2.328285810337946,1.6649615020014608e-09,0.18,1.91470572730168e-09,-10.579909570994023,10.579908974320634,4.5282858103379455
1779563369.6883368,25.318399906158447,0.6727469515696639,0.9999999995876184,-1.4933594589958184e-09,1,3.0,1.0,2.327253048430336,1.6705561378671518e-09,0.18,1.9211395585472243e-09,-10.5799095719965,10.579908973318158,4.527253048430336
1779563369.7912834,25.42084264755249,0.6776503472442897,0.9999999995232854,-1.4922519005064524e-09,1,3.0,1.0,2.3223496527557104,1.6975243433137166e-09,0.18,1.952152994810774e-09,-10.579909576828806,10.579908968485851,4.52234965275571
1779563369.8920321,25.522095203399658,0.6786819974908459,0.999999999520868,-1.4922279196891205e-09,1,3.0,1.0,2.321318002509154,1.6986332340707122e-09,0.18,1.953428219181319e-09,-10.579909577027504,10.579908968287153,4.521318002509155
1779563369.9926655,25.6227285861969,0.6838399860380479,0.9999999995701475,-1.493215574091827e-09,1,3.0,1.0,2.316160013961952,1.678804206761697e-09,0.18,1.9306248377759514e-09,-10.579909573474431,10.579908971840226,4.516160013961953
1779563370.093876,25.723421096801758,0.6851301474930971,0.9999999995825987,-1.4934607113356642e-09,1,3.0,1.0,2.314869852506903,1.6737740082817254e-09,0.18,1.924840109523984e-09,-10.579909572573095,10.579908972741562,4.514869852506903
1779563370.1939893,25.824052333831787,0.6871951492969915,0.9999999995871678,-1.4935823917791632e-09,1,3.0,1.0,2.3128048507030083,1.6720806961245671e-09,0.18,1.922892800543252e-09,-10.579909572269678,10.57990897304498,4.5128048507030085
1779563370.2946193,25.92468237876892,0.69210016895444,0.9999999995269434,-1.4925654274886065e-09,1,3.0,1.0,2.30789983104556,1.697538110079222e-09,0.18,1.952168826591105e-09,-10.579909576831271,10.579908968483386,4.5078998310455605
1779563370.3953872,26.025450229644775,0.6933903277977091,0.9999999995094575,-1.492261670469069e-09,1,3.0,1.0,2.306609672202291,1.7049299749771762e-09,0.18,1.9606694712237524e-09,-10.579909578155787,10.579908967158872,4.506609672202291
1779563370.495976,26.126039028167725,0.6946801102166756,0.9999999994983576,-1.4920795938930305e-09,1,3.0,1.0,2.3053198897833242,1.709681729522572e-09,0.18,1.9661339889509575e-09,-10.57990957900723,10.579908966307427,4.505319889783324
1779563370.596696,26.22675895690918,0.6990641405843777,0.9999999995205744,-1.4925689802022853e-09,1,3.0,1.0,2.300935859415622,1.7009300634640567e-09,0.18,1.956069572983665e-09,-10.579909577439063,10.579908967875594,4.500935859415622
1779563370.6980546,26.327611446380615,0.7016439590119972,0.9999999995518584,-1.4931747178845208e-09,1,3.0,1.0,2.298356040988003,1.688158057788769e-09,0.18,1.941381766457084e-09,-10.579909575150506,10.579908970164153,4.4983560409880035
1779563370.7986681,26.428731203079224,0.7047415654296572,0.9999999995595504,-1.4933718934936942e-09,1,3.0,1.0,2.295258434570343,1.6852674811218549e-09,0.18,1.938057603290133e-09,-10.579909574632556,10.579908970682101,4.495258434570343
1779563370.8992944,26.529357433319092,0.7073233531449573,0.999999999531122,-1.4929011589312532e-09,1,3.0,1.0,2.2926766468550426,1.6974124328328344e-09,0.18,1.9520242977577592e-09,-10.579909576808754,10.579908968505904,4.492676646855043
1779563370.9998362,26.629899263381958,0.7099041669738156,0.9999999994914999,-1.4922092679423068e-09,1,3.0,1.0,2.2900958330261845,1.7142522956703488e-09,0.18,1.9713901400209007e-09,-10.57990957982621,10.579908965488446,4.490095833026184
1779563371.1006799,26.730742931365967,0.7140307866268976,0.9999999994738373,-1.4919623543416301e-09,1,3.0,1.0,2.2859692133731024,1.7221326586991381e-09,0.18,1.9804525575040085e-09,-10.579909581238256,10.5799089640764,4.485969213373103
1779563371.2012079,26.831270933151245,0.7160939167759454,0.9999999994940484,-1.492368251879433e-09,1,3.0,1.0,2.2839060832240548,1.7138974683916786e-09,0.18,1.97098208865043e-09,-10.57990957976263,10.579908965552027,4.4839060832240545
1779563371.3020914,26.932154417037964,0.7171257322724458,0.9999999995073164,-1.4926240472643067e-09,1,3.0,1.0,2.2828742677275544,1.7084413883594607e-09,0.18,1.9647075966133795e-09,-10.579909578784982,10.579908966529677,4.482874267727555
1779563371.4030197,27.033082723617554,0.7222880067531042,0.9999999995310012,-1.4931454079966707e-09,1,3.0,1.0,2.277711993246896,1.6990533424632304e-09,0.18,1.9539113438327146e-09,-10.57990957710278,10.579908968211877,4.477711993246896
1779563371.5039704,27.13403344154358,0.7233207346837084,0.9999999995207827,-1.492978430453767e-09,1,3.0,1.0,2.2766792653162917,1.7034680332983498e-09,0.18,1.958988238293102e-09,-10.57990957789383,10.57990896742083,4.4766792653162915
1779563371.6050284,27.2350914478302,0.7282237775103331,0.9999999994524366,-1.4917989295124053e-09,1,3.0,1.0,2.2717762224896667,1.7328276591399572e-09,0.18,1.9927518080109505e-09,-10.579909583154643,10.579908962160015,4.471776222489667
1779563371.7059364,27.335999488830566,0.7292553862745562,0.9999999994459858,-1.4917003417078186e-09,1,3.0,1.0,2.270744613725444,1.7356796000456143e-09,0.18,1.996031540052456e-09,-10.57990958366567,10.57990896164899,4.470744613725444
1779563371.8069558,27.437018871307373,0.7315762541841405,0.9999999994514516,-1.4918477793254888e-09,1,3.0,1.0,2.2684237458158596,1.7336669877465738e-09,0.18,1.9937170359085596e-09,-10.579909583305039,10.57990896200962,4.468423745815859
1779563371.907687,27.537750005722046,0.7351877090077126,0.9999999994934321,-1.4926666798284523e-09,1,3.0,1.0,2.264812290992287,1.7163355181537554e-09,0.18,1.9737858458768185e-09,-10.579909580199493,10.579908965115164,4.464812290992287
1779563372.0082211,27.63828420639038,0.7375107903769381,0.9999999995104928,-1.4930175103042339e-09,1,3.0,1.0,2.262489209623062,1.7093753079677754e-09,0.18,1.9657816041629414e-09,-10.579909578952323,10.579908966362334,4.462489209623062
1779563372.1093168,27.738876342773438,0.7424157102144513,0.9999999994663544,-1.4922980857842768e-09,1,3.0,1.0,2.257584289785549,1.7286772013846985e-09,0.18,1.9879787815924033e-09,-10.579909582410941,10.579908962903716,4.457584289785549
1779563372.2094944,27.8395574092865,0.7434478465874077,0.9999999994502372,-1.4920165332252318e-09,1,3.0,1.0,2.256552153412592,1.7356462933548755e-09,0.18,1.9959932373581065e-09,-10.5799095836597,10.579908961654958,4.456552153412592
1779563372.3100948,27.940157890319824,0.7478323415848668,0.9999999994209294,-1.4915591213390863e-09,1,3.0,1.0,2.252167658415133,1.7486763148610862e-09,0.18,2.010977762090249e-09,-10.57990958599449,10.579908959320168,4.452167658415133
1779563372.4110389,28.041101932525635,0.7496376310189196,0.9999999994350949,-1.491850443860748e-09,1,3.0,1.0,2.2503623689810803,1.7428791743157035e-09,0.18,2.004311050463059e-09,-10.579909584955727,10.57990896035893,4.4503623689810805
1779563372.5118847,28.141947746276855,0.7517015295231892,0.9999999994606965,-1.4923460474189406e-09,1,3.0,1.0,2.2482984704768105,1.732217924654833e-09,0.18,1.9920506133530577e-09,-10.579909583045387,10.579908962269268,4.448298470476811
1779563372.612476,28.242539167404175,0.7566062967218251,0.9999999994788735,-1.4927670439898784e-09,1,3.0,1.0,2.243393703278175,1.7250609829488894e-09,0.18,1.9838201303912228e-09,-10.57990958176297,10.579908963551688,4.443393703278175
1779563372.7129369,28.342999935150146,0.7578970694873461,0.9999999994650169,-1.4925370057791761e-09,1,3.0,1.0,2.2421029305126536,1.7311445610346254e-09,0.18,1.990816245189819e-09,-10.579909582853055,10.579908962461602,4.442102930512654
1779563372.8142433,28.44430637359619,0.7591875572562468,0.9999999994461259,-1.4922101561207265e-09,1,3.0,1.0,2.2408124427437532,1.739385524501813e-09,0.18,2.0002933531770847e-09,-10.579909584329718,10.579908960984941,4.440812442743754
1779563372.914746,28.544809103012085,0.7643463094039921,0.9999999993940466,-1.4913432939830991e-09,1,3.0,1.0,2.235653690596008,1.762384016501528e-09,0.18,2.026741618976757e-09,-10.57990958845071,10.57990895686395,4.435653690596008
1779563373.0156074,28.645670413970947,0.7656357357674596,0.9999999993994152,-1.4914667507834375e-09,1,3.0,1.0,2.2343642642325405,1.7602612700784448e-09,0.18,2.0243004605902113e-09,-10.579909588070342,10.579908957244314,4.43436426423254
1779563373.1163926,28.746455669403076,0.7669253820866562,0.9999999994116372,-1.4917101116704353e-09,1,3.0,1.0,2.233074617913344,1.7551866626774881e-09,0.18,2.018464662079111e-09,-10.57990958716105,10.579908958153608,4.433074617913344
1779563373.2168949,28.84695792198181,0.7718290763780816,0.999999999459331,-1.492658686222675e-09,1,3.0,1.0,2.2281709236219185,1.735310117823019e-09,0.18,1.9956066354964716e-09,-10.579909583599465,10.579908961715194,4.428170923621918
1779563373.3176045,28.947667598724365,0.7731199898713553,0.9999999994571054,-1.4926444753679598e-09,1,3.0,1.0,2.2268800101286446,1.736435883969989e-09,0.18,1.996901266565487e-09,-10.579909583801186,10.579908961513473,4.426880010128645
1779563373.4180675,29.04813051223755,0.7780234148577604,0.9999999993940261,-1.4915662267664439e-09,1,3.0,1.0,2.2219765851422397,1.7642847183196864e-09,0.18,2.028927426067639e-09,-10.579909588791287,10.579908956523372,4.4219765851422395
1779563373.5188308,29.1488938331604,0.7800866534555407,0.9999999993722026,-1.4912029617927865e-09,1,3.0,1.0,2.2199133465444594,1.7740053870340944e-09,0.18,2.0401061950892085e-09,-10.579909590533088,10.579908954781569,4.419913346544459
1779563373.6195338,29.24959683418274,0.7811181509652478,0.9999999993686188,-1.4911594410502212e-09,1,3.0,1.0,2.2188818490347524,1.7757089132430792e-09,0.18,2.042065250229541e-09,-10.579909590838335,10.579908954476322,4.418881849034753
1779563373.7202172,29.350280284881592,0.7860194908681414,0.9999999994108284,-1.4920076514410348e-09,1,3.0,1.0,2.2139805091318587,1.7581216482653872e-09,0.18,2.021839895505195e-09,-10.579909587686956,10.579908957627703,4.413980509131859
1779563373.8213956,29.450955152511597,0.787051963684102,0.999999999422348,-1.4922341369380584e-09,1,3.0,1.0,2.2129480363158978,1.7532668650233063e-09,0.18,2.016256894776802e-09,-10.579909586817049,10.57990895849761,4.412948036315898
1779563373.921971,29.55203413963318,0.7922151053144371,0.9999999994124238,-1.4921506481666066e-09,1,3.0,1.0,2.207784894685563,1.7582890698975007e-09,0.18,2.0220324303821258e-09,-10.579909587716953,10.579908957597704,4.407784894685563
1779563374.022959,29.653022050857544,0.7942793363138128,0.999999999381259,-1.4916079711521698e-09,1,3.0,1.0,2.2057206636861872,1.7721242251411695e-09,0.18,2.0379428589123448e-09,-10.579909590196012,10.579908955118645,4.405720663686187
1779563374.1253145,29.755377531051636,0.795311115267905,0.999999999366042,-1.4913441821615188e-09,1,3.0,1.0,2.204688884732095,1.7788939210561239e-09,0.18,2.045728009214542e-09,-10.579909591409042,10.579908953905615,4.404688884732095
1779563374.2264478,29.856510877609253,0.8002111483283162,0.99999999935141,-1.4911700991912576e-09,1,3.0,1.0,2.1997888516716837,1.7860122270008105e-09,0.18,2.053914061050932e-09,-10.579909592684537,10.57990895263012,4.399788851671684
1779563374.3271086,29.95717167854309,0.8015010759049668,0.9999999993649398,-1.491435664538748e-09,1,3.0,1.0,2.1984989240950332,1.7802963547808304e-09,0.18,2.0473408079979547e-09,-10.579909591660337,10.579908953654321,4.398498924095033
1779563374.4279644,30.058027505874634,0.8051146514878035,0.9999999994043947,-1.4922110442991462e-09,1,3.0,1.0,2.1948853485121966,1.7635715110486672e-09,0.18,2.0281072377059672e-09,-10.57990958866349,10.579908956651167,4.394885348512196
1779563374.5285578,30.158620834350586,0.8079545128406426,0.9999999994016855,-1.4922199260833432e-09,1,3.0,1.0,2.1920454871593575,1.7651680117580781e-09,0.18,2.02994321352179e-09,-10.57990958894956,10.579908956365097,4.392045487159358
1779563374.6299002,30.259461164474487,0.8089869562714825,0.9999999993910879,-1.4920431785778228e-09,1,3.0,1.0,2.1910130437285176,1.7699566257078914e-09,0.18,2.0354501195640747e-09,-10.57990958980761,10.57990895550705,4.391013043728518
1779563374.730251,30.36031413078308,0.8128566701911243,0.9999999993348893,-1.4910697350298315e-09,1,3.0,1.0,2.1871433298088756,1.7951697905971287e-09,0.18,2.0644452591866976e-09,-10.57990959432544,10.57990895098922,4.387143329808876
1779563374.832128,30.462191104888916,0.8164671266214661,0.9999999993202574,-1.4908743357774975e-09,1,3.0,1.0,2.183532873378534,1.8021784065069824e-09,0.18,2.0725051674830297e-09,-10.57990959558128,10.579908949733378,4.383532873378534
1779563374.9326859,30.562748908996582,0.8177569281740491,0.9999999993300652,-1.49107417592193e-09,1,3.0,1.0,2.182243071825951,1.7980679167806102e-09,0.18,2.0677781042977015e-09,-10.579909594844741,10.579908950469916,4.382243071825951
1779563375.0337186,30.66378164291382,0.8221447061941591,0.9999999993782834,-1.49202186229575e-09,1,3.0,1.0,2.177855293805841,1.7774937077774666e-09,0.18,2.0441177639440866e-09,-10.579909591158144,10.579908954156513,4.377855293805841
1779563375.1345334,30.764596462249756,0.8247263721133931,0.9999999993784483,-1.4920778175361911e-09,1,3.0,1.0,2.175273627886607,1.777812563830139e-09,0.18,2.0444844484046595e-09,-10.579909591215278,10.57990895409938,4.375273627886607
1779563375.2352834,30.865346431732178,0.8257588071476555,0.9999999993693369,-1.4919286035616815e-09,1,3.0,1.0,2.1742411928523446,1.7819896669379887e-09,0.18,2.0492881169786868e-09,-10.579909591963753,10.579908953350904,4.374241192852344
1779563375.3360736,30.966136693954468,0.8311757985287822,0.9999999992975445,-1.4907002528072363e-09,1,3.0,1.0,2.168824201471218,1.8145880353870325e-09,0.18,2.0867762406950872e-09,-10.579909597804903,10.579908947509752,4.368824201471218
1779563375.4365122,31.066575288772583,0.8324652349345205,0.9999999992924715,-1.4906345276041784e-09,1,3.0,1.0,2.1675347650654793,1.8170553950369595e-09,0.18,2.0896137042925034e-09,-10.579909598247017,10.57990894706764,4.367534765065479
1779563375.5372095,31.167272567749023,0.8334969194115777,0.999999999294531,-1.4906913710230392e-09,1,3.0,1.0,2.1665030805884222,1.8163168746809788e-09,0.18,2.0887644058831255e-09,-10.579909598114686,10.579908947199971,4.366503080588423
1779563375.637793,31.267856121063232,0.8386584056466875,0.9999999993481888,-1.491749191520902e-09,1,3.0,1.0,2.1613415943533125,1.793326376287041e-09,0.18,2.062325332730097e-09,-10.579909593995124,10.57990895131953,4.361341594353313
1779563375.7383506,31.36841368675232,0.839949294517602,0.9999999993559574,-1.4919179454206451e-09,1,3.0,1.0,2.160050705482398,1.7900787518954075e-09,0.18,2.0585905646797185e-09,-10.5799095934132,10.579908951901459,4.360050705482398
1779563375.8397343,31.469290018081665,0.8422725701910145,0.99999999934947,-1.49184422661181e-09,1,3.0,1.0,2.1577274298089852,1.793332593535979e-09,0.18,2.0623324825663756e-09,-10.57990959399624,10.57990895131842,4.357727429808985
1779563375.9398465,31.56990957260132,0.8464003413265104,0.9999999992928026,-1.4908672303501399e-09,1,3.0,1.0,2.15359965867349,1.8192465311983597e-09,0.18,2.0921335108781134e-09,-10.579909598639638,10.57990894667502,4.35359965867349
1779563376.0406358,31.670698881149292,0.8476897609142768,0.9999999992771796,-1.490606105894748e-09,1,3.0,1.0,2.152310239085723,1.8264407763979307e-09,0.18,2.10040689285762e-09,-10.57990959992874,10.579908945385917,4.352310239085723
1779563376.1414537,31.771516799926758,0.8528489070327809,0.9999999992889579,-1.4909107510927052e-09,1,3.0,1.0,2.147151092967219,1.8220669417701174e-09,0.18,2.095376983035635e-09,-10.579909599145015,10.579908946169644,4.347151092967219
1779563376.2423341,31.87239718437195,0.85413947894327,0.9999999993049499,-1.4912207253611805e-09,1,3.0,1.0,2.14586052105673,1.8151236069741117e-09,0.18,2.0873921480202284e-09,-10.57990959790087,10.579908947413788,4.34586052105673
1779563376.3430448,31.97310781478882,0.8595605808331923,0.999999999322165,-1.4916381692184396e-09,1,3.0,1.0,2.1404394191668077,1.8083183839223693e-09,0.18,2.0795661415107245e-09,-10.579909596681475,10.579908948633184,4.340439419166808
1779563376.4436538,32.07371687889099,0.8605927275533019,0.9999999993105164,-1.4914401054308465e-09,1,3.0,1.0,2.1394072724466984,1.8137180646249362e-09,0.18,2.0857757743186767e-09,-10.579909597649017,10.57990894766564,4.3394072724466985
1779563376.5442286,32.17429161071777,0.8626563721165087,0.9999999992798868,-1.490908086557446e-09,1,3.0,1.0,2.1373436278834914,1.8278276670002924e-09,0.18,2.102001817050336e-09,-10.57990960017725,10.579908945137406,4.337343627883492
1779563376.6449933,32.2750563621521,0.8654931376669346,0.9999999992460741,-1.490342316904097e-09,1,3.0,1.0,2.1345068623330654,1.8435506454750339e-09,0.18,2.120083242296289e-09,-10.57990960299458,10.579908942320078,4.334506862333066
1779563376.745783,32.37584614753723,0.8685885548738038,0.9999999992494916,-1.4904604446339172e-09,1,3.0,1.0,2.1314114451261963,1.842578534194672e-09,0.18,2.1189653143238726e-09,-10.579909602820392,10.579908942494267,4.3314114451261965
1779563376.8465788,32.47664189338684,0.8706532199184582,0.99999999927208,-1.4909009811300885e-09,1,3.0,1.0,2.1293467800815415,1.8327521722483198e-09,0.18,2.1076649980855675e-09,-10.579909601059653,10.579908944255004,4.329346780081542
1779563376.9493015,32.57936453819275,0.8747838173281984,0.9999999993055299,-1.4915902075837758e-09,1,3.0,1.0,2.1252161826718017,1.8183663463844368e-09,0.18,2.0911212983421023e-09,-10.579909598481922,10.579908946832736,4.325216182671801
1779563377.0504744,32.6805374622345,0.8768485280717101,0.9999999992947202,-1.49142944728981e-09,1,3.0,1.0,2.12315147192829,1.8236145926664449e-09,0.18,2.0971567815664116e-09,-10.57990959942233,10.579908945892326,4.32315147192829
1779563377.151017,32.7810800075531,0.8778805545742235,0.9999999992824529,-1.4912189490043411e-09,1,3.0,1.0,2.1221194454257764,1.8293464520979796e-09,0.18,2.1037484199126765e-09,-10.579909600449396,10.579908944865263,4.322119445425777
1779563377.2518806,32.881943702697754,0.8832966192261299,0.9999999992173636,-1.4901229368344312e-09,1,3.0,1.0,2.11670338077387,1.8598660389557153e-09,0.18,2.1388459447990724e-09,-10.579909605918058,10.579908939396601,4.316703380773871
1779563377.3529036,32.98296666145325,0.8845863981397637,0.9999999992176208,-1.4901513585438616e-09,1,3.0,1.0,2.1154136018602365,1.8599983775402507e-09,0.18,2.138998134171288e-09,-10.579909605941772,10.579908939372885,4.315413601860237
1779563377.4537194,33.0837824344635,0.889490383673212,0.9999999992668185,-1.491124802091853e-09,1,3.0,1.0,2.1105096163267882,1.8385204469950622e-09,0.18,2.1142985140443216e-09,-10.579909602093242,10.579908943221415,4.310509616326788
1779563377.5550418,33.184582471847534,0.8905230722477905,0.9999999992754155,-1.491302437775793e-09,1,3.0,1.0,2.1094769277522096,1.8347927621675808e-09,0.18,2.1100116764927177e-09,-10.579909601425296,10.579908943889363,4.309476927752209
1779563377.655477,33.28554010391235,0.8951683235114248,0.9999999992543203,-1.4909977925778358e-09,1,3.0,1.0,2.1048316764885753,1.845268382538734e-09,0.18,2.122058639919544e-09,-10.579909603302372,10.579908942012285,4.3048316764885755
1779563377.7570372,33.38710021972656,0.8967158500508884,0.9999999992311703,-1.4905963359321313e-09,1,3.0,1.0,2.1032841499491117,1.8561339132361354e-09,0.18,2.1345540002215556e-09,-10.579909605249316,10.57990894006534,4.3032841499491115
1779563377.857749,33.48781204223633,0.899036831192885,0.9999999992007571,-1.4900838569839644e-09,1,3.0,1.0,2.100963168807115,1.8705010873532046e-09,0.18,2.151076250456185e-09,-10.579909607823703,10.579908937490954,4.300963168807115
1779563377.9585385,33.58860158920288,0.9021322942307243,0.9999999991942593,-1.4900234608514248e-09,1,3.0,1.0,2.097867705769276,1.8740995422206197e-09,0.18,2.1552144735537126e-09,-10.579909608468494,10.579908936846165,4.297867705769276
1779563378.0594978,33.689560890197754,0.9049714135867231,0.9999999992224572,-1.4905776841853176e-09,1,3.0,1.0,2.095028586413277,1.8617147823363212e-09,0.18,2.140971999686769e-09,-10.579909606249327,10.57990893906533,4.295028586413277
1779563378.1603625,33.790425539016724,0.9072949401115136,0.9999999992474142,-1.4910759522787694e-09,1,3.0,1.0,2.0927050598884867,1.8506995935752002e-09,0.18,2.1283045326114802e-09,-10.579909604275567,10.579908941039092,4.292705059888487
1779563378.261922,33.891984939575195,0.9109082537184551,0.9999999992448017,-1.4910963803824225e-09,1,3.0,1.0,2.089091746281545,1.8525923017875812e-09,0.18,2.1304811470557183e-09,-10.579909604614711,10.579908940699946,4.289091746281545
1779563378.3625917,33.99265480041504,0.9132297871541036,0.999999999214691,-1.4905776841853176e-09,1,3.0,1.0,2.0867702128458965,1.8669052970210487e-09,0.18,2.146941091574206e-09,-10.579909607179392,10.579908938135267,4.286770212845896
1779563378.4638062,34.093345642089844,0.914777123305869,0.9999999991916284,-1.490182444788551e-09,1,3.0,1.0,2.085222876694131,1.8778489874193838e-09,0.18,2.1595263355322913e-09,-10.57990960914034,10.579908936174318,4.285222876694132
1779563378.5638986,34.19396162033081,0.9191622041050631,0.9999999991685604,-1.4898440488106453e-09,1,3.0,1.0,2.080837795894937,1.8894135145330893e-09,0.18,2.1728255417130524e-09,-10.579909611212534,10.579908934102123,4.2808377958949375
1779563378.6643815,34.29444456100464,0.9201945009714055,0.9999999991759517,-1.489993262785155e-09,1,3.0,1.0,2.0798054990285944,1.886207190437972e-09,0.18,2.1691382690036673e-09,-10.579909610638005,10.57990893467665,4.279805499028595
1779563378.765074,34.3951370716095,0.9256156388194342,0.9999999992278717,-1.4910377606067223e-09,1,3.0,1.0,2.0743843611805657,1.86325799234055e-09,0.18,2.1427466911916325e-09,-10.579909606525847,10.57990893878881,4.274384361180566
1779563378.8660405,34.49610352516174,0.9266479754665522,0.9999999992275593,-1.4910519714614375e-09,1,3.0,1.0,2.073352024533448,1.863608378727122e-09,0.18,2.1431496355361898e-09,-10.57990960658863,10.579908938726026,4.273352024533448
1779563378.9665852,34.59664821624756,0.928454042589601,0.999999999214633,-1.490843249532808e-09,1,3.0,1.0,2.071545957410399,1.8699646275877058e-09,0.18,2.1504593217258614e-09,-10.579909607727577,10.57990893758708,4.2715459574103996
1779563379.0674703,34.69753336906433,0.9336121833067679,0.9999999991469536,-1.4896948348361357e-09,1,3.0,1.0,2.066387816693232,1.902515034402086e-09,0.18,2.1878922895623983e-09,-10.579909613560135,10.579908931754524,4.266387816693232
1779563379.1683526,34.798415660858154,0.934644004859878,0.9999999991413925,-1.4896131224215233e-09,1,3.0,1.0,2.065355995140122,1.9053318922601648e-09,0.18,2.1911316760991892e-09,-10.579909614064873,10.579908931249784,4.265355995140122
1779563379.2689893,34.8990523815155,0.9374826013535305,0.9999999991522944,-1.4898555951301014e-09,1,3.0,1.0,2.0625173986464693,1.9008608020953943e-09,0.18,2.185989922409703e-09,-10.57990961326372,10.57990893205094,4.2625173986464695
1779563379.3698206,34.9998836517334,0.9416131250028175,0.9999999991968695,-1.4907419971929622e-09,1,3.0,1.0,2.0583868749971828,1.880916755681028e-09,0.18,2.163054269033182e-09,-10.579909609690038,10.579908935624621,4.258386874997183
1779563379.470283,35.100346088409424,0.9426455961410207,0.9999999992019686,-1.4908565722091035e-09,1,3.0,1.0,2.0573544038589793,1.87874871215854e-09,0.18,2.1605610189823208e-09,-10.57990960930156,10.5799089360131,4.2573544038589795
1779563379.571233,35.20129609107971,0.9449679133386744,0.999999999194767,-1.4907650898318744e-09,1,3.0,1.0,2.055032086661326,1.8825998537863597e-09,0.18,2.1649898318543134e-09,-10.579909609991626,10.579908935323033,4.255032086661326
1779563379.671971,35.30203413963318,0.9490944753349629,0.9999999991393629,-1.4898174034580543e-09,1,3.0,1.0,2.050905524665037,1.9094548164844127e-09,0.18,2.1958730389570746e-09,-10.57990961480364,10.579908930511017,4.250905524665037
1779563379.7731347,35.40319776535034,0.9508999291623406,0.9999999991203135,-1.4895056528327396e-09,1,3.0,1.0,2.0491000708376594,1.9188095556899043e-09,0.18,2.20663098904339e-09,-10.579909616479874,10.579908928834785,4.24910007083766
1779563379.875086,35.505149126052856,0.9555452042485318,0.9999999991371208,-1.4898857931963712e-09,1,3.0,1.0,2.0444547957514683,1.9119439365056223e-09,0.18,2.1987355269814657e-09,-10.579909615249653,10.579908930065002,4.2444547957514684
1779563379.9757233,35.60578632354736,0.9565778770100025,0.9999999991494617,-1.4901282659049494e-09,1,3.0,1.0,2.0434221229899974,1.9063604028701775e-09,0.18,2.192314463300704e-09,-10.579909614249168,10.579908931065491,4.2434221229899975
1779563380.0766563,35.706719398498535,0.9591593509121817,0.999999999173913,-1.4906274221768208e-09,1,3.0,1.0,2.0408406490878184,1.8954051661523863e-09,0.18,2.179715941075244e-09,-10.579909612286148,10.57990893302851,4.2408406490878185
1779563380.1771324,35.80719542503357,0.9635452979632785,0.9999999991524932,-1.490306789767309e-09,1,3.0,1.0,2.0364547020367216,1.906474533797109e-09,0.18,2.192445713866675e-09,-10.579909614269617,10.57990893104504,4.236454702036721
1779563380.277951,35.90801405906677,0.964834760953366,0.9999999991337789,-1.489984381000958e-09,1,3.0,1.0,2.035165239046634,1.915611225200564e-09,0.18,2.2029529089806484e-09,-10.579909615906779,10.579908929407878,4.235165239046634
1779563380.3785152,36.008578300476074,0.9697358753809187,0.999999999090254,-1.4892818318709752e-09,1,3.0,1.0,2.030264124619081,1.9373742610184763e-09,0.18,2.2279804001712476e-09,-10.579909619806397,10.579908925508262,4.230264124619081
1779563380.4795003,36.10956335067749,0.9710263544529313,0.999999999095979,-1.4894052886713135e-09,1,3.0,1.0,2.028973645547069,1.934961080252151e-09,0.18,2.2252052422899737e-09,-10.57990961937399,10.57990892594067,4.228973645547069
1779563380.5803995,36.21046257019043,0.9730915799952443,0.9999999991168338,-1.4898165152796346e-09,1,3.0,1.0,2.0269084200047556,1.9255375072191327e-09,0.18,2.2143681333020027e-09,-10.579909617685423,10.579908927629234,4.226908420004756
1779563380.6813242,36.31138730049133,0.9743824091274984,0.9999999991320306,-1.4901184959423327e-09,1,3.0,1.0,2.0256175908725016,1.91861460052678e-09,0.18,2.206406790605797e-09,-10.579909616444938,10.579908928869719,4.225617590872502
1779563380.782441,36.41250395774841,0.9792854572737263,0.9999999991424732,-1.4904000485013776e-09,1,3.0,1.0,2.0207145427262736,1.9147683438802687e-09,0.18,2.201983595462309e-09,-10.579909615755746,10.579908929558911,4.220714542726274
1779563380.8831038,36.51316690444946,0.9805750363597971,0.9999999991279258,-1.4901513585438616e-09,1,3.0,1.0,2.019424963640203,1.921994119413739e-09,0.18,2.2102932373257997e-09,-10.5799096170505,10.579908928264159,4.219424963640203
1779563380.983695,36.6137580871582,0.9854755908864699,0.9999999990675503,-1.4891406115022428e-09,1,3.0,1.0,2.0145244091135304,1.952003891858567e-09,0.18,2.244804475637352e-09,-10.579909622427811,10.579908922886847,4.2145244091135305
1779563381.0853143,36.714370250701904,0.9875401112384813,0.9999999990671312,-1.4891654804979944e-09,1,3.0,1.0,2.012459888761519,1.9527122141482778e-09,0.18,2.2456190462705194e-09,-10.57990962255473,10.579908922759927,4.212459888761519
1779563381.1856394,36.81570243835449,0.9885726446311833,0.9999999990741142,-1.4893067008667268e-09,1,3.0,1.0,2.0114273553688164,1.949619576890882e-09,0.18,2.242062513424514e-09,-10.579909622000576,10.57990892331408,4.211427355368817
1779563381.286899,36.91696214675903,0.9934773118760956,0.9999999991230318,-1.4902916907341742e-09,1,3.0,1.0,2.0065226881239044,1.9273502793737407e-09,0.18,2.2164528212798017e-09,-10.579909618010246,10.579908927304412,4.206522688123904
1779563381.3877153,37.017778396606445,0.9947674652030172,0.9999999991253081,-1.490357415937232e-09,1,3.0,1.0,2.005232534796983,1.926562021026257e-09,0.18,2.2155463241801953e-09,-10.579909617869,10.579908927445658,4.205232534796983
1779563381.488646,37.118709087371826,0.9991521168708123,0.9999999990812787,-1.4896193396704612e-09,1,3.0,1.0,2.000847883129188,1.9487851332655737e-09,0.18,2.2411029032554096e-09,-10.579909621851057,10.5799089234636,4.200847883129188
1779563381.5899856,37.219534397125244,1.001731456325168,0.9999999990483452,-1.4890695572286668e-09,1,3.0,1.0,1.998268543674832,1.9653092486748847e-09,0.18,2.260105635976117e-09,-10.579909624811934,10.579908920502723,4.198268543674832
1779563381.690071,37.32013416290283,1.0027635117809324,0.999999999041415,-1.4889629758183028e-09,1,3.0,1.0,1.9972364882190676,1.968918805772546e-09,0.18,2.2642566266384276e-09,-10.579909625458717,10.579908919855942,4.197236488219068
1779563381.7910542,37.421117305755615,1.0076679860500273,0.9999999990701256,-1.4895624962516004e-09,1,3.0,1.0,1.9923320139499727,1.95628890864441e-09,0.18,2.2497322449410715e-09,-10.579909623195622,10.579908922119035,4.192332013949973
1779563381.8918364,37.521899461746216,1.0097330116663927,0.9999999990918452,-1.490002144569352e-09,1,3.0,1.0,1.9902669883336073,1.9463000100472527e-09,0.18,2.2382450115543403e-09,-10.57990962140576,10.579908923908897,4.190266988333607
1779563381.9928012,37.62286424636841,1.010765260338935,0.9999999990981194,-1.490138035867566e-09,1,3.0,1.0,1.989234739661065,1.9435186793259618e-09,0.18,2.235046481224856e-09,-10.579909620907385,10.579908924407272,4.189234739661066
1779563382.0935247,37.72358775138855,1.01566606712319,0.9999999990645595,-1.4896015761020672e-09,1,3.0,1.0,1.98433393287681,1.9610144619264247e-09,0.18,2.2551666312153883e-09,-10.579909624042374,10.579908921272285,4.18433393287681
1779563382.1951008,37.82464861869812,1.0166976771220082,0.9999999990493862,-1.4893431161819345e-09,1,3.0,1.0,1.9833023228779918,1.968651908157426e-09,0.18,2.26394969438104e-09,-10.579909625410892,10.579908919903767,4.183302322877992
1779563382.2960918,37.92615485191345,1.019535381298732,0.9999999990178556,-1.4888244199848296e-09,1,3.0,1.0,1.980464618701268,1.984740372051874e-09,0.18,2.282451427859655e-09,-10.579909628293708,10.57990891702095,4.180464618701269
1779563382.3971028,38.02716588973999,1.0228908691010523,0.9999999990242604,-1.4889913975277332e-09,1,3.0,1.0,1.9771091308989477,1.9825097119507973e-09,0.18,2.279886168743417e-09,-10.579909627894006,10.579908917420653,4.177109130898948
1779563382.498216,38.128278970718384,1.024956157031353,0.9999999990467148,-1.4894372630944227e-09,1,3.0,1.0,1.975043842968647,1.972102481317961e-09,0.18,2.2679178535156552e-09,-10.579909626029183,10.579908919285472,4.175043842968647
1779563382.5991383,38.229201316833496,1.0298589035435166,0.9999999990708975,-1.4899719465030821e-09,1,3.0,1.0,1.9701410964564834,1.9615638002790092e-09,0.18,2.2557983703208604e-09,-10.579909624140807,10.57990892117385,4.170141096456484
1779563382.70079,38.32984757423401,1.0308905510361175,0.9999999990628654,-1.4898396079185468e-09,1,3.0,1.0,1.9691094489638825,1.9657577787768332e-09,0.18,2.260621445593358e-09,-10.579909624892306,10.579908920422351,4.169109448963883
1779563382.8026903,38.43124198913574,1.0324244321895732,0.9999999990438863,-1.4895154227953563e-09,1,3.0,1.0,1.9675755678104268,1.9754504698710207e-09,0.18,2.2717680403516736e-09,-10.579909626629094,10.579908918685565,4.167575567810427
1779563382.9037044,38.53376746177673,1.0365300563286484,0.9999999989921067,-1.4886441197656305e-09,1,3.0,1.0,1.9634699436713516,2.001966592501958e-09,0.18,2.3022615813772515e-09,-10.579909631380394,10.579908913934263,4.163469943671352
1779563383.0081723,38.638235330581665,1.0381271802635068,0.9999999989911013,-1.48858638816835e-09,1,3.0,1.0,1.9618728197364932,2.0028392277993134e-09,0.18,2.30326511196921e-09,-10.579909631536756,10.5799089137779,4.161872819736494
1779563383.109444,38.73950695991516,1.039892808742875,0.9999999990069208,-1.488740043034958e-09,1,3.0,1.0,1.960107191257125,1.99538519041198e-09,0.18,2.294692968973777e-09,-10.579909630201103,10.579908915113553,4.160107191257126
