EpochTime(s),TimeFromStart(s),right_prop_rate(rad/s),left_prop_rate(rad/s),LastDT(s),Yaw(rad),North(m),East(m),IMUSensedYawRate(rad/s),IMUIntegratedYaw(rad),IMUSensedTimeStamp(s),ARUCOSensedNorth(m),ARUCOSensedEast(m),ARUCOSensedYaw(rad),ArucoSensedTimeStamp(s),DepthTimeStamp(s),Depth(m)
1779463627.4606504,2.235320568084717,-91.15913323910497,91.15913320890452,0.2,6.283185305661917,-4.905323519276739e-05,1.00000000063235,5.373738241391024e-13,6.28318530566201,1779463627.4027367,-4.905323519276739e-05,1.00000000063235,6.2831853056619025, 1779463627.196069, 1779463627.4142454,0.9076990469018945
1779463627.469706,2.2443761825561523,-87.6568165814591,87.65681655084289,0.2,6.283185305661143,0.010162599012401737,1.0000000006168521,5.373738241391024e-13,6.283185305662117,1779463627.4027367,None,None,None, None, 1779463627.4142454,0.9076990469018945
1779463627.671116,2.445786237716675,-87.98249606541471,87.98249603402529,0.2,6.2831853056600915,0.029433801111393564,1.00000000058759,2.2498949201259726e-12,6.283185305662696,1779463627.6595669,None,None,None, None, 1779463627.6776328,1.0507733943221333
1779463627.8707259,2.6453959941864014,-85.4628664504286,85.46286641795139,0.2,6.283185305658406,0.05614910578110842,1.0000000005469962,2.2125617975066307e-13,6.283185305662741,1779463627.8624048,None,None,None, None, 1779463627.8156908,0.9621935409571154
1779463628.0707104,2.8453805446624756,-81.16104890572383,81.16104887214084,0.2,6.283185305662832,0.08782133016590893,1.000000000498817,5.490693229056931e-11,6.283185305673875,1779463628.0651915,None,None,None, None, 1779463628.0200872,1.0024365951126804
1779463628.2963283,3.070998430252075,-110.03058044894584,110.03058041564262,0.2,6.283185305668077,0.034822506601811465,1.0000000004801548,-3.211034179377559e-11,6.283185305667866,1779463628.2523346,0.032110440883071065,1.0000000004811889,6.283185305682218, 1779463628.197457, 1779463628.2155418,0.9973878137057411
1779463628.4707792,3.2454493045806885,-105.7664955453817,105.76649551073706,0.2,6.283185305662505,0.06309755108591464,1.0000000004374168,-4.96499417814199e-11,6.28318530565866,1779463628.4377458,None,None,None, None, 1779463628.455245,1.0559373135556214
1779463628.6702483,3.444918394088745,-99.62438671750685,99.62438668157276,0.2,6.283185305670518,0.09880354035121681,1.0000000003832479,8.292727946362667e-11,6.283185305674329,1779463628.6267018,None,None,None, None, 1779463628.6419997,1.0028124430802263
1779463628.869998,3.6446681022644043,-92.23719630891947,92.23719627114922,0.2,6.28318530566593,0.1380414206579989,1.0000000003240352,-1.1451508710036317e-12,6.283185305674064,1779463628.8574734,None,None,None, None, 1779463628.8409624,0.9287548045514176
1779463629.0700219,3.8446919918060303,-84.72484773778092,84.72484769781158,0.2,6.283185305650711,0.1780683238035238,1.0000000002634484,-1.0844595080254062e-10,6.283185305657905,1779463629.0864074,None,None,None, None, 1779463629.010518,1.0493876746931254
1779463629.2710962,4.045766353607178,-108.06449243030191,108.06449239539073,0.2,6.283185305669282,0.13728274235970983,1.0000000004136693,4.339649624811133e-11,6.283185305667393,1779463629.2251222,0.13220754294323503,1.0000000004269933,6.283185305690217, 1779463629.208074, 1779463629.240544,1.0779253834496145
1779463629.4709258,4.245595932006836,-102.74994164115589,102.7499416048597,0.2,6.28318530567082,0.17082618920258807,1.0000000003630085,3.678165531056499e-11,6.283185305674886,1779463629.428834,None,None,None, None, 1779463629.4586637,0.9844136221258055
1779463629.670542,4.445212125778198,-95.58904403882477,95.58904400055371,0.2,6.283185305661361,0.20930872770923672,1.0000000003049474,-5.962375622980819e-11,6.283185305661758,1779463629.6490123,None,None,None, None, 1779463629.6276557,1.0606249891122737
1779463629.8704007,4.645070791244507,-87.95412028285278,87.95412024275971,0.2,6.283185305659946,0.2494380033406976,1.0000000002440221,-8.27654337845878e-12,6.283185305660512,1779463629.7995818,None,None,None, None, 1779463629.859874,1.0122737973286948
1779463630.0708342,4.845504283905029,-80.62621304984803,80.62621300827408,0.2,6.283185305668898,0.28929852096142306,1.0000000001834484,9.192934470088016e-11,6.283185305680567,1779463630.0177386,None,None,None, None, 1779463630.06166,0.9381296159838725
1779463630.270373,5.045043230056763,-106.27599834714827,106.27599830739075,0.2,6.283185305676668,0.2417585452319851,1.0000000002033795,-5.716229809592866e-11,6.2831853056663265,1779463630.2668498,0.23614708941075352,1.0000000002084806,6.283185305721045, 1779463630.217745, 1779463630.202655,1.0168257567635686
1779463630.4702592,5.244929313659668,-101.60689456812894,101.60689452713729,0.2,6.283185305682965,0.2736952040030253,1.0000000001553813,8.566436644860591e-11,6.283185305679795,1779463630.4240687,None,None,None, None, 1779463630.452963,0.9070742208796208
1779463630.6704485,5.44511866569519,-94.91843365345578,94.9184336112104,0.2,6.2831853056988045,0.31105089516270057,1.000000000099474,2.114320339185233e-10,6.283185305718041,1779463630.6704485,None,None,None, None, 1779463630.6704485,0.9548207019776728
1779463630.8705,5.645170211791992,-87.56556955966462,87.56556951506494,0.2,6.283185305681295,0.35048586744608823,1.0000000000410794,-3.7448670761125496e-11,6.283185305712453,1779463630.8196511,None,None,None, None, 1779463630.8196511,0.9901442894303626
1779463631.0699494,5.844619512557983,-80.35996526090004,80.3599652142636,0.2,6.2831853056745315,0.38994041151043923,0.999999999981965,2.2707079899639996e-12,6.283185305712939,1779463631.0337365,None,None,None, None, 1779463631.0337365,1.0516270557590592
1779463631.270719,6.045389175415039,-104.72594550108248,104.7259454576805,0.2,6.2831853056949605,0.3457471836539424,1.0000000000316849,5.520302057886369e-11,6.283185305723983,1779463631.2337852,0.34036914649545486,1.0000000000386864,6.283185305743926, 1779463631.232785, 1779463631.2337852,1.092139502932064
1779463631.470912,6.245582103729248,-100.05818123863264,100.05818119354575,0.2,6.283185305687911,0.3777499234561595,0.9999999999841728,-1.4014409764210124e-11,6.283185305721146,1779463631.4362211,None,None,None, None, 1779463631.4362211,0.9879674516104412
1779463631.6703036,6.444973707199097,-93.4396139088774,93.43961386182757,0.2,6.283185305682727,0.4149102182959812,0.9999999999287417,-1.1286914213159324e-11,6.283185305718698,1779463631.6531196,None,None,None, None, 1779463631.6687973,0.9837264558397559
1779463631.8709671,6.645637273788452,-86.26268966281002,86.26268961403095,0.2,6.283185305688864,0.45402283674743105,0.9999999998701956,8.616671974583064e-11,6.283185305734684,1779463631.838645,None,None,None, None, 1779463631.8674595,1.0339996000727045
1779463632.069914,6.844584226608276,-79.20015591976978,79.20015586871757,0.2,6.2831853056764775,0.49312765763157157,0.9999999998119011,-4.958690625374998e-11,6.283185305724766,1779463632.0386617,None,None,None, None, 1779463632.0527828,1.0479707425432274
1779463632.2707086,7.045378684997559,-107.79800395897897,107.79800391388953,0.2,6.283185305693087,0.4379207286950942,0.9999999999528347,-2.7207176337081396e-11,6.283185305718453,1779463632.2707086,0.4318470453162938,0.9999999999657356,6.283185305753733, 1779463632.238021, 1779463632.255068,1.0411807947896332
1779463632.4705138,7.245183944702148,-103.55926407200252,103.55926402564405,0.2,6.2831853056987725,0.46871073793303086,0.9999999999070655,7.723291929559201e-11,6.283185305732761,1779463632.455978,None,None,None, None, 1779463632.4400387,1.0153403734742943
1779463632.670603,7.445273160934448,-96.98984312478656,96.98984307635303,0.2,6.283185305691105,0.5056662215604459,0.9999999998523412,-2.077479550568134e-11,6.283185305728968,1779463632.638555,None,None,None, None, 1779463632.6238854,1.0076781414048026
1779463632.8706875,7.645357608795166,-89.55907275106294,89.55907269908204,0.2,6.28318530564044,0.5451933757347677,0.9999999997935057,-4.3738226176273484e-10,6.2831853056278755,1779463632.8696866,None,None,None, None, 1779463632.8696866,1.0331450609638972
1779463633.0699954,7.84466552734375,-82.17541887694202,82.17541882360727,0.2,6.283185305663704,0.5849800832109404,0.9999999997322682,6.539882160494222e-11,6.283185305640975,1779463633.0699954,None,None,None, None, 1779463633.0559402,0.9497727392265932
1779463633.2702093,8.04487943649292,-106.20622568414635,106.20622563417018,0.2,6.28318530570036,0.5419198984026237,0.9999999997433742,1.1001563201346842e-11,6.283185305642996,1779463633.2536385,0.5365874992731422,0.9999999997479322,6.283185305787336, 1779463633.252638, 1779463633.2375977,1.066787218639366
1779463633.4708123,8.245482444763184,-101.29852102873056,101.29852097694403,0.2,6.283185305694575,0.5745437681412358,0.9999999996951161,-5.95820186923429e-11,6.283185305634088,1779463633.4031365,None,None,None, None, 1779463633.3927147,1.0316381174467943
1779463633.6709666,8.445636749267578,-94.47460542984409,94.47460537618973,0.2,6.283185305699296,0.6122636585214947,0.9999999996391017,3.648768265904506e-11,6.283185305642281,1779463633.6276693,None,None,None, None, 1779463633.6276693,1.0699882479771838
1779463633.8703,8.644970178604126,-87.05669180699039,87.05669175132624,0.2,6.283185305702776,0.6518272521866482,0.9999999995805361,5.6622127082450256e-11,6.283185305653805,1779463633.8311946,None,None,None, None, 1779463633.8311946,1.0228422535683412
1779463634.0707695,8.845439672470093,-79.90407758593774,79.90407752790559,0.2,6.283185305693088,0.691274831727495,0.9999999995222795,-3.745812274398234e-11,6.283185305646187,1779463634.0345676,None,None,None, None, 1779463634.0184836,0.9161155687323925
1779463634.2705693,9.045239448547363,-105.52427437839847,105.52427432727488,0.2,6.283185305728847,0.6436942738827628,0.9999999996624331,1.1094217454917549e-10,6.283185305668701,1779463634.237497,0.6380992363473984,0.9999999996752683,6.283185305803539, 1779463634.253546, 1779463634.237497,1.055713774068317
1779463634.4705305,9.245200634002686,-100.98217924188131,100.98217918914867,0.2,6.2831853057275175,0.6753299027612316,0.9999999996165381,6.152117813130259e-11,6.283185305682852,1779463634.467518,None,None,None, None, 1779463634.4364116,1.0654383174542408
1779463634.670149,9.444819211959839,-94.38802004805055,94.38801999296261,0.2,6.283185305714752,0.712408557826104,0.9999999995626974,-4.3563516151264085e-11,6.283185305674635,1779463634.656119,None,None,None, None, 1779463634.6420908,1.0710374603952042
1779463634.8891392,9.663809299468994,-87.83999018116415,87.83999012395893,0.2,6.283185305712612,0.7516165871039143,0.9999999995052641,1.989851535705739e-11,6.283185305677779,1779463634.8891392,None,None,None, None, 1779463634.8901255,1.0255592863511405
1779463635.070414,9.845084190368652,-79.99317532210941,79.9931752630255,0.2,6.283185305721909,0.790994334604233,0.999999999447498,1.2840821331706897e-10,6.283185305706304,1779463635.0362215,None,None,None, None, 1779463635.028164,0.9749204333023931
1779463635.2708027,10.045472860336304,-108.39767005571846,108.39767000120925,0.2,6.283185305741824,0.7364077228854747,0.999999999489253,-2.3010684108421743e-11,6.283185305701097,1779463635.2625105,0.7303582521990444,0.9999999994956101,6.283185305835395, 1779463635.261509, 1779463635.263512,1.0289973713935485
1779463635.4709136,10.245583772659302,-104.03748433769154,104.03748428145232,0.2,6.283185305737321,0.7675267009906575,0.9999999994445113,1.0078901859998924e-11,6.283185305703147,1779463635.4658813,None,None,None, None, 1779463635.3879228,0.949255446398585
1779463635.6702132,10.444883346557617,-97.32428964930124,97.32428959104897,0.2,6.283185305740008,0.8047580729088645,0.9999999993908139,7.627934658150973e-11,6.283185305718425,1779463635.6661785,None,None,None, None, 1779463635.6205275,0.9861268407407431
1779463635.8702765,10.644946575164795,-89.81092787209862,89.81092780947623,0.2,6.283185305670469,0.8444836814926785,0.9999999993336257,-5.707683164935781e-10,6.283185305612811,1779463635.8512166,None,None,None, None, 1779463635.8692768,1.050784609385572
1779463636.0700567,10.844726800918579,-82.38796471818696,82.38796465375178,0.2,6.283185305687159,0.8844072272052016,0.9999999992733763,-2.4220736064990353e-11,6.283185305608227,1779463636.0404553,None,None,None, None, 1779463636.0554986,1.0613496943363978
1779463636.270484,11.045154094696045,-75.53137861594676,75.53137854985665,0.2,6.283185305704536,0.9233814466471949,0.9999999992152101,6.850343881209005e-11,6.283185305622198,1779463636.2443979,None,None,None, None, 1779463636.2604642,1.027181260016279
1779463636.4707909,11.245460987091064,-114.81919472845681,114.819194672098,0.2,6.2831853057465965,0.8401940134193625,0.999999999366416,-5.4894887489552304e-12,6.283185305621086,1779463636.4469686,0.8347487017752246,0.9999999993757335,6.283185305862989, 1779463636.273494, 1779463636.4637249,0.920279137297167
1779463636.6705756,11.445245742797852,-111.09011770833743,111.09011765034617,0.2,6.283185305742487,0.869568228083365,0.999999999324323,-2.664413664910424e-11,6.283185305617026,1779463636.5993462,None,None,None, None, 1779463636.6440387,0.9116850103237455
1779463636.8704507,11.645120859146118,-104.29708638417603,104.297086324152,0.2,6.283185305748617,0.9068164488422567,0.9999999992707936,7.403472785531718e-11,6.283185305633336,1779463636.8196383,None,None,None, None, 1779463636.83367,0.9358993779645071
1779463637.071048,11.845718145370483,-96.26006322919541,96.26006316661103,0.2,6.283185305745971,0.947609883382368,0.9999999992124194,3.0271646714960337e-11,6.283185305639454,1779463637.0217445,None,None,None, None, 1779463637.0217445,1.0341988224125194
1779463637.2708685,12.045538663864136,-88.13211649654995,88.13211643125477,0.2,6.283185305738751,0.9890097613283289,0.9999999991530679,-6.9496370844588206e-12,6.283185305637845,1779463637.2531428,None,None,None, None, 1779463637.2688708,0.9386859701556686
1779463637.4701884,12.244858503341675,-112.69289005150543,112.6928899935762,0.2,6.283185305784624,0.9454851259643344,0.9999999992636097,8.990357740015345e-11,6.283185305655887,1779463637.4538157,0.9400566911031673,0.9999999992745208,6.283185305899862, 1779463637.282548, 1779463637.4538157,0.9529938080225271
1779463637.670696,12.445366144180298,-106.99768187526318,106.99768181524867,0.2,6.283185305780424,0.9799538338370639,0.9999999992155272,3.678876565053966e-11,6.283185305663497,1779463637.660663,None,None,None, None, 1779463637.6430535,0.9751776437481485
1779463637.8707492,12.645419359207153,-99.32494428582132,99.32494422307474,0.2,6.283185305769702,1.0196274165447594,0.9999999991600174,-2.857216098388025e-11,6.283185305659136,1779463637.8132858,None,None,None, None, 1779463637.8313158,1.0209978358399199
1779463638.070858,12.84552812576294,-91.17609225622786,91.17609219112181,0.2,6.2831853057750084,1.0609268879671199,0.9999999991017898,9.497932282408879e-11,6.28318530567667,1779463637.9979002,None,None,None, None, 1779463638.05877,1.013508139001621
1779463638.2707953,13.045465469360352,-83.3640808099756,83.36408074430847,0.2,6.283185305836043,1.1018281017657752,0.9999999990443409,6.333171155945028e-10,6.283185305844733,1779463638.2632692,None,None,None, None, 1779463638.2642694,1.058426821040782
1779463638.4708347,13.24550485610962,-109.64549818597807,109.64549812481232,0.2,6.283185305838587,1.053247937113186,0.9999999990765903,-1.6695594547547024e-11,6.283185305842683,1779463638.3860667,1.0475255812620898,0.9999999990821357,6.2831853059521405, 1779463638.292601, 1779463638.464272,0.9928117725790353
1779463638.6707215,13.445391654968262,-104.5879383544889,104.58793829113995,0.2,6.2831853058267475,1.086100054029773,0.9999999990325357,5.895674835015255e-11,6.283185305859169,1779463638.6656792,None,None,None, None, 1779463638.6501262,1.098622230743378
1779463638.8701231,13.644793272018433,-97.43569849792392,97.43569843226514,0.2,6.28318530582754,1.1244596974372163,0.9999999989806413,1.4669891682789676e-10,6.283185305881632,1779463638.8188043,None,None,None, None, 1779463638.8127675,1.049080917816788
1779463639.0706766,13.845346689224243,-89.7069809427054,89.70698087402597,0.2,6.283185305809095,1.1647995727857274,0.9999999989260999,-1.947456589527131e-11,6.283185305877316,1779463639.0403948,None,None,None, None, 1779463639.0253,1.0313184953468288
1779463639.2712953,14.045965433120728,-82.20978811901335,82.20978804767992,0.2,6.283185305801486,1.2050164186675314,0.9999999988709831,2.1991983278111616e-11,6.283185305881812,1779463639.2448459,None,None,None, None, 1779463639.2127352,1.0428253360123672
1779463639.4701571,14.244827270507812,-111.05009659074662,111.05009652816497,0.2,6.2831853058435065,1.14962749282607,0.9999999989999814,4.635409234820289e-11,6.283185305890487,1779463639.4319835,1.143478421832595,0.999999999011883,6.283185305973952, 1779463639.305939, 1779463639.4465775,0.963067271358489
1779463639.670149,14.444819211959839,-106.37162576884494,106.37162570419203,0.2,6.283185305833488,1.1814925885267151,0.9999999989574071,-2.3645230478888606e-11,6.2831853058849765,1779463639.6650107,None,None,None, None, 1779463639.6157863,1.0531433789074318
1779463639.8711977,14.645867824554443,-99.37633018359816,99.37633011647158,0.2,6.283185305829397,1.2195394393789867,0.9999999989061923,1.2415345785204499e-11,6.283185305887478,1779463639.8664756,None,None,None, None, 1779463639.8664756,1.0528312481853535
1779463640.0709965,14.845666646957397,-91.5298061627059,91.52980609308715,0.2,6.283185305831138,1.2600065653292263,0.999999998851554,6.735345078291046e-11,6.283185305901186,1779463640.070002,None,None,None, None, 1779463640.0559309,1.0133224245273682
1779463640.2704535,15.04512357711792,-83.82290832152177,83.8229082491634,0.2,6.283185305823142,1.3005502055485239,0.999999998796883,6.448790331594022e-13,6.283185305901265,1779463640.193124,None,None,None, None, 1779463640.2568893,1.082884980830141
1779463640.4707818,15.245451927185059,-109.44400270651313,109.444002641006,0.2,6.283185305869762,1.2537529485142538,0.9999999988535104,1.735383679407724e-11,6.283185305905072,1779463640.412557,1.2481378153398726,0.9999999988606812,6.283185306017718, 1779463640.316574, 1779463640.4426274,1.0950901250728302
1779463640.6740818,15.44875192642212,-104.46806055104594,104.468060483622,0.2,6.283185305868836,1.2867424598458093,0.9999999988103,5.096273202273532e-11,6.283185305915357,1779463640.6143513,None,None,None, None, 1779463640.678566,1.0362014180588395
1779463640.8726552,15.647325277328491,-97.26176834800712,97.26176827794649,0.2,6.283185305861973,1.3251646916020594,0.9999999987599381,5.787363261299064e-12,6.283185305916527,1779463640.880165,None,None,None, None, 1779463640.880165,1.0376920681146484
1779463641.070209,15.844879150390625,-89.4213832800506,89.42138320723703,0.2,6.283185305856194,1.3655112744827722,0.9999999987067768,6.339996061593825e-12,6.28318530591811,1779463641.0661898,None,None,None, None, 1779463641.0661898,0.922118225636708
1779463641.2705097,16.045179843902588,-81.93375646614187,81.9337563909044,0.2,6.2831853058584635,1.4056903872819557,0.9999999986536041,7.418398707792733e-11,6.283185305927946,1779463641.1987808,None,None,None, None, 1779463641.1912713,1.0070512820020496
1779463641.470416,16.245086193084717,-107.1636175684475,107.16361750019652,0.2,6.283185305902687,1.3595038023508352,0.9999999987130681,1.767273329877237e-11,6.2831853059319895,1779463641.4275944,1.3539572841478944,0.9999999987202945,6.283185306050416, 1779463641.33032, 1779463641.4105654,1.0323065762804706
1779463641.6701005,16.444770574569702,-102.27641072638153,102.27641065602143,0.2,6.283185305894832,1.3919589374908716,0.9999999986716261,-9.723886301569274e-12,6.283185305930199,1779463641.6117215,None,None,None, None, 1779463641.6117215,0.9939852284400844
1779463641.8702416,16.644911766052246,-95.41705828452436,95.41705821177808,0.2,6.283185305894869,1.4297275862399181,0.9999999986231027,5.451203448247452e-11,6.283185305944003,1779463641.8649578,None,None,None, None, 1779463641.8137586,1.045902516270962
1779463642.0708802,16.845550298690796,-87.965267129818,87.9652670559393,0.2,6.283185305940633,1.469456197673851,0.9999999985720627,4.94561404532158e-10,6.283185306018993,1779463642.0819077,None,None,None, None, 1779463642.0819077,1.023194595731623
1779463642.2698495,17.044519662857056,-80.65661187337896,80.65661179617307,0.2,6.283185305910857,1.5091167186806367,0.9999999985229251,-1.2457421630205223e-11,6.2831853060164375,1779463642.221695,None,None,None, None, 1779463642.2056484,0.9563439921954284
1779463642.4701648,17.244834899902344,-104.89633005116775,104.89632998169604,0.2,6.283185305943186,1.4652565390229366,0.9999999986286546,3.9078017760357474e-11,6.2831853060243725,1779463642.4247406,1.4598898679545915,0.9999999986387229,6.283185306073571, 1779463642.343394, 1779463642.437571,1.044036094515755
1779463642.6704967,17.44516682624817,-100.17229386796956,100.17229379637173,0.2,6.283185305932994,1.4974139634189558,0.9999999985888952,1.3685986558948409e-11,6.283185306027099,1779463642.623954,None,None,None, None, 1779463642.656604,0.9422317926590581
1779463642.870137,17.64480710029602,-93.51927881133177,93.51927873627996,0.2,6.283185305895593,1.5346844637885737,0.999999998542434,-2.7154331379927244e-10,6.28318530597765,1779463642.8060603,None,None,None, None, 1779463642.8567572,0.9473643293716858
1779463643.070531,17.845201015472412,-86.30413992531624,86.3041398480105,0.2,6.283185305903752,1.5738679311678039,0.9999999984921227,3.333203378409307e-11,6.283185305986182,1779463643.062026,None,None,None, None, 1779463643.044759,1.0775505883773486
1779463643.2701144,18.044784545898438,-79.24829521779611,79.24829513809684,0.2,6.2831853059051825,1.6130149509509784,0.9999999984421776,2.396179208660493e-11,6.28318530599056,1779463643.2447283,None,None,None, None, 1779463643.2457294,1.0395936821846767
1779463643.4745338,18.24920392036438,-107.52998049750269,107.52998042559112,0.2,6.283185305952526,1.558984224065125,0.9999999984927281,-1.0998207542771737e-11,6.283185305988782,1779463643.479585,1.5529852374397861,0.9999999984991819,6.283185306105216, 1779463643.354063, 1779463643.4063058,0.9076867412517087
1779463643.670653,18.44532322883606,-103.09609080017891,103.0960907264144,0.2,6.283185305950317,1.5899113254821704,0.9999999984547787,1.6097761462564986e-11,6.283185305992455,1779463643.6344328,None,None,None, None, 1779463643.6354344,1.0321140438588132
1779463643.8703866,18.64505672454834,-96.5149216899181,96.51492161374836,0.2,6.283185305949414,1.6268800952088291,0.9999999984093342,3.935206088349143e-11,6.283185305999165,1779463643.8049572,None,None,None, None, 1779463643.8703866,0.9533251994535665
1779463644.070109,18.844779014587402,-89.10447026393503,89.10447018492245,0.2,6.283185305940945,1.6663436861879348,0.9999999983607871,-1.6146769095500557e-11,6.283185305995632,1779463644.0237987,None,None,None, None, 1779463644.0712605,1.0274710973419614
1779463644.271102,19.045772075653076,-81.8299690661911,81.82996898457758,0.2,6.283185305939178,1.706032766754675,0.9999999983116266,3.139622375996207e-11,6.283185306001129,1779463644.1988826,None,None,None, None, 1779463644.2600353,1.0845216688707524
1779463644.4705005,19.24517059326172,-106.70318741926094,106.70318734597542,0.2,6.283185305984384,1.660683602113882,0.9999999984018655,3.767778007912846e-11,6.2831853060097655,1779463644.4281023,1.6552085583765088,0.9999999984108687,6.283185306122631, 1779463644.364195, 1779463644.4428377,1.0352424305680334
1779463644.670783,19.44545316696167,-101.88734124269413,101.88734116727701,0.2,6.283185305976852,1.6930266456445153,0.999999998363209,-7.24024359326546e-12,6.283185306008199,1779463644.6445224,None,None,None, None, 1779463644.6596155,0.9859404531758006
1779463644.8706672,19.645337343215942,-95.07293076768678,95.07293068967432,0.2,6.2831853059722125,1.7306689631233256,0.9999999983179353,1.130166581894841e-11,6.28318530601012,1779463644.8145325,None,None,None, None, 1779463644.830139,1.074850119817738
1779463645.071414,19.846084117889404,-87.67693614362248,87.67693606294377,0.2,6.283185305970154,1.770279631336828,0.9999999982701104,3.647886538575834e-11,6.283185306017524,1779463645.0175014,None,None,None, None, 1779463645.031941,1.0765575950852841
1779463645.2711565,20.04582667350769,-80.44079167851268,80.44079159509975,0.2,6.283185305963899,1.8098393232511307,0.9999999982222656,8.76035847960697e-12,6.283185306019296,1779463645.2198014,None,None,None, None, 1779463645.2328765,1.0371008312848584
1779463645.4707985,20.245468616485596,-105.57579688851376,105.57579681327617,0.2,6.2831853060056275,1.7635857748578991,0.9999999983030262,3.1158243176983346e-12,6.283185306019974,1779463645.4377053,1.758068600269191,0.9999999983113298,6.283185306145263, 1779463645.372886, 1779463645.4377053,0.9882409621891943
1779463645.6733396,20.448009729385376,-101.03161334649812,101.03161326934918,0.2,6.283185306003666,1.7954835226890298,0.9999999982655796,3.754295790722599e-11,6.283185306025823,1779463645.676345,None,None,None, None, 1779463645.6561742,1.0226752385611515
1779463645.871267,20.645937204360962,-94.3086406968224,94.30864061693309,0.2,6.283185305993852,1.8327281947042142,0.9999999982217829,-2.7101833956989142e-11,6.283185306019873,1779463645.813022,None,None,None, None, 1779463645.859737,0.9238022803088939
1779463646.0704222,20.845092296600342,-86.9915958516499,86.99159576896488,0.2,6.283185305987592,1.872013782173678,0.9999999981752006,-1.141690050854924e-11,6.283185306017382,1779463646.031253,None,None,None, None, 1779463646.017728,1.0925421584355404
1779463646.2702134,21.044883489608765,-79.87088147833948,79.87088139305715,0.2,6.28318530598581,1.9113104994184118,0.9999999981283592,2.5528398352111998e-11,6.283185306023084,1779463646.254624,None,None,None, None, 1779463646.254624,0.9907066613641426
1779463646.4700477,21.244717836380005,-103.81963880908792,103.81963873095117,0.2,6.283185306028709,1.8679975412566912,0.999999998168701,-1.7176591056327725e-12,6.283185306022744,1779463646.4524732,1.8626855429266433,0.9999999981743027,6.283185306171562, 1779463646.386183, 1779463646.4524732,1.0074250055114626
1779463646.6703732,21.445043325424194,-99.20819560107493,99.20819552092247,0.2,6.283185306024524,1.8998916488704976,0.9999999981319948,1.0303553844194185e-11,6.283185306024823,1779463646.6543102,None,None,None, None, 1779463646.6713789,0.9737714749987296
1779463646.8720162,21.6466863155365,-92.76343264636917,92.76343256373708,0.2,6.28318530602244,1.9368581477983624,0.9999999980892962,3.4870940437318704e-11,6.283185306030314,1779463646.811788,None,None,None, None, 1779463646.8760018,1.0943303827544903
1779463647.0724244,21.847094535827637,-85.66780231126093,85.66780222587916,0.2,6.28318530601696,1.9757673980018924,0.9999999980442724,1.4758155808110155e-11,6.283185306033249,1779463647.0744233,None,None,None, None, 1779463647.0106287,0.9646873505733708
1779463647.2701707,22.044840812683105,-78.64589207415416,78.6458919860125,0.2,6.283185306009873,2.014683549458065,0.9999999979990275,-1.2583701049634127e-12,6.283185306032935,1779463647.260156,None,None,None, None, 1779463647.228548,0.9199189441022738
1779463647.4704652,22.24513530731201,17.88612294966788,40.170708097038194,0.2,6.283185306052958,1.9626846615660765,0.9999999981006392,3.073251394339663e-11,6.283185306039222,1779463647.464752,1.9568309754994113,0.9999999981101408,6.283185306186153, 1779463647.399536, 1779463647.4015403,1.0560641660839658
1779463647.670537,22.445207118988037,-30.869699256370186,84.92313992526688,0.2,6.2828674577195605,1.9825646728931723,0.9999834556224414,0.005674668365898388,0.001053141783633471,1779463647.6503386,None,None,None, None, 1779463647.6620245,0.9366741917770502
1779463647.8700147,22.64468479156494,-65.04054142917964,114.10222730438569,0.2,6.283316824356705,2.0060314979198126,0.9999428318404568,0.017462298797831878,0.0037522536320184225,1779463647.8049066,None,None,None, None, 1779463647.866984,1.0879792292605404
1779463648.0823095,22.856979608535767,-65.00822140909118,114.1295876188381,0.2,6.285269749413951,2.036269198845679,0.9999063657928442,0.029489868535188868,0.009737883381394068,1779463648.0877185,None,None,None, None, 1779463648.0234005,0.9248922096567638
1779463648.2706687,23.04533886909485,-64.96280386519855,114.16802615539976,0.2,0.004811827492659812,2.0710154258648052,0.999950612555061,0.03128445389683816,0.017048971909149585,1779463648.2415762,None,None,None, None, 1779463648.2415762,1.0568351842292576
1779463648.470909,23.2455792427063,-64.75542045836751,114.34340279605419,0.2,0.016402444679971276,2.045479231508863,1.000302361272639,0.060834996964021205,0.029931045448301493,1779463648.4533305,2.04138128218672,1.0003146510318166,0.03151294049178066, 1779463648.409191, 1779463648.4467833,0.9407096399027229
1779463648.6709397,23.44560980796814,-64.67419522060864,114.4120296969979,0.2,0.02087548756671837,2.077268620611444,1.0008541784850742,0.03620010215674659,0.0374708490113296,1779463648.6616118,None,None,None, None, 1779463648.5989897,0.9135338134229825
1779463648.8719733,23.64664340019226,-64.59932106820598,114.47525953949689,0.2,0.024958626945930377,2.112962657984847,1.0016231503241926,0.03320672647203349,0.04362508836120461,1779463648.846943,None,None,None, None, 1779463648.8148608,0.9154520950949728
1779463649.0705519,23.845221996307373,-64.10764951498865,114.88972847394788,0.2,0.05411539183673039,2.150919893154147,1.0025853915428442,0.2667606285943641,0.08571519821389494,1779463649.0047252,None,None,None, None, 1779463649.0017262,0.9390334433810366
1779463649.270468,24.045138120651245,-63.81470159880189,109.356342225122,0.2,0.06653648108737102,2.1900201503092225,1.0050830026073339,0.033991474538153287,0.09311861097364962,1779463649.2225273,None,None,None, None, 1779463649.2375493,1.0318272779966946
1779463649.4706204,24.245290517807007,-74.42998904122514,119.38640306467995,0.2,0.07897282002578135,2.1468742914753203,1.0042713847898406,0.035807677685099765,0.10086869532674696,1779463649.4389637,2.141511844184979,1.004034605800284,0.08976956578226858, 1779463649.423263, 1779463649.4389637,1.0210317261558224
1779463649.6704874,24.445157527923584,-112.78892970700714,66.58421301761949,0.2,0.08528640599388451,2.178409874207649,1.0068656016780935,0.032121046299877005,0.1079335037672065,1779463649.658907,None,None,None, None, 1779463649.641533,0.9057769184904539
1779463649.8703122,24.64498233795166,-112.69842908901833,66.69003705282688,0.2,0.09011671625463817,2.2138608905128687,1.0100455073748371,0.007824689901423725,0.10951305871619825,1779463649.860775,None,None,None, None, 1779463649.860775,1.0708260363249242
1779463650.0715363,24.846206426620483,-112.6331521263622,66.76632269059307,0.2,0.09314329471815214,2.2515871004062618,1.0135972936093536,-0.003959177155682996,0.10893901491785381,1779463650.0057657,None,None,None, None, 1779463650.0162735,1.0965692138840717
1779463650.2703516,25.045021772384644,-108.91297195994541,62.50476814039827,0.2,0.09395042524009938,2.2905492720994305,1.0173567067735858,-0.01742137163763434,0.10553932323568466,1779463650.2009106,None,None,None, None, 1779463650.2179086,0.9174721352624822
1779463650.4703627,25.245032787322998,-112.57822082412504,66.83048942517111,0.2,0.0938959063589809,2.247198355968103,1.0132736570722383,-0.03005797827539448,0.09756089152789893,1779463650.4663453,2.241835613535432,1.0127630279657855,0.09808195829087385, 1779463650.434244, 1779463650.4202104,1.0474010915648895
1779463650.6706314,25.44530153274536,-63.24513060920095,115.61372952701801,0.2,0.09231495270995867,2.2775394086823457,1.0161654251579328,-0.028581876010241578,0.0921878542251838,1779463650.6543329,None,None,None, None, 1779463650.6695092,1.0602913143211894
1779463650.8717492,25.646419286727905,-63.28944395493449,115.57662815717114,0.2,0.08824863287479542,2.312302219002,1.0193159700408732,-0.021270170571964946,0.08796924145540748,1779463650.8526676,None,None,None, None, 1779463650.813622,0.928290236683663
1779463651.0704634,25.845133543014526,-112.63368197765861,66.76570363024766,0.2,0.08569938139086661,2.3496984196394464,1.0225016602610024,0.00423133613823924,0.0886473693480856,1779463651.0739906,None,None,None, None, 1779463651.0308108,1.0040949155176906
1779463651.270369,26.045039176940918,-100.39442383432898,73.40517189345287,0.2,0.08517942917292083,2.3885128062212786,1.025822048954943,-0.0017731945054357393,0.08820428337127144,1779463651.262811,None,None,None, None, 1779463651.2151926,1.0194880031492017
1779463651.4700747,26.244744777679443,-123.50620864411225,97.78726550761603,0.2,0.08305650213279007,2.3470501531986216,1.0223531176986849,-0.01154733888287474,0.0858573838947245,1779463651.4660525,2.3418112846384602,1.0219093221923166,0.07951757453179731, 1779463651.448509, 1779463651.4660525,0.9924437195473845
1779463651.6706817,26.44535183906555,-63.31132095982458,115.5583078233722,0.2,0.08148144568203623,2.380677622391091,1.0251695680282964,-0.021799443654574292,0.08146390857476302,1779463651.6675932,None,None,None, None, 1779463651.6696827,1.0735908476124423
1779463651.870458,26.64512801170349,-63.377775785757606,115.5026415280825,0.2,0.07626995008865342,2.4174275943727515,1.028097153061955,-0.03180441625450916,0.07512535504650081,1779463651.8668911,None,None,None, None, 1779463651.8528287,1.0990704007549807
1779463652.0709267,26.84559679031372,-63.393965176287516,115.48907687070589,0.2,0.0741519860915843,2.455941353013187,1.0308963196801608,0.012075588464287395,0.07702813004659376,1779463652.0244632,None,None,None, None, 1779463652.010859,1.0369442290045237
1779463652.2708333,27.04550337791443,-56.88146427944624,110.05943269552543,0.2,0.07432912227377488,2.4953839455601083,1.0337129348253802,0.02483322701231922,0.08176071941410983,1779463652.215038,None,None,None, None, 1779463652.216053,1.0070952917386156
1779463652.4703205,27.244990587234497,-63.24983957007549,115.60978743673208,0.2,0.08022976192642177,2.4496393619378223,1.0303682300793682,0.0326542621604861,0.08924333644886147,1779463652.4441848,2.444118848128818,1.029965953698765,0.09158926123423772, 1779463652.457772, 1779463652.45979,1.0008539560473653
1779463652.6725245,27.447194576263428,-63.18965288058763,115.66016375470954,0.2,0.08248416241923828,2.479710385081098,1.0327550116047242,0.03448719351592704,0.09513521167338984,1779463652.6775115,None,None,None, None, 1779463652.6775115,1.0333204185543072
1779463652.870761,27.64543104171753,-112.47092885688411,66.95574502939324,0.2,0.08544835358409253,2.5143048353735487,1.035596477403022,0.03352726426617868,0.1019838940652032,1779463652.8192992,None,None,None, None, 1779463652.8182983,1.0535101941221887
1779463653.0705318,27.84520196914673,-112.41067016989926,67.02604919678387,0.2,0.08825400094526972,2.5515630081540963,1.0388732060217247,0.006614573524859689,0.10363564815582717,1779463653.0690136,None,None,None, None, 1779463653.0346777,0.9025944010028499
1779463653.2704077,28.045077800750732,-98.39634029230936,72.92692208735158,0.2,0.08919618463084046,2.5902874612518225,1.0424040917590105,-0.013167932597011515,0.10102107369807346,1779463653.2675698,None,None,None, None, 1779463653.2389925,1.0120316481981546
1779463653.4703338,28.245003938674927,-112.2580699492006,67.20394904900346,0.2,0.09493026958729818,2.540757721521251,1.0391111049708264,-0.020033191888229038,0.09697893701397402,1779463653.4693418,2.5350092002998776,1.0386670232330228,0.11414968199712305, 1779463653.467925, 1779463653.4404976,1.0863119915051354
1779463653.6719437,28.446613788604736,-62.85665006127631,115.93854428860217,0.2,0.0939510631803199,2.570135390706872,1.0419454291367813,-0.023676261792131507,0.09394298981073049,1779463653.5975692,None,None,None, None, 1779463653.6463253,0.9527463694021265
1779463653.8705773,28.64524745941162,-112.25916096949021,67.20267785864348,0.2,0.0918448629473058,2.6042926920076077,1.0451059444457975,-0.0046562540918536205,0.09292978176040043,1779463653.8151708,None,None,None, None, 1779463653.8637989,0.9132223277362367
1779463654.0713382,28.84600830078125,-112.50321797552432,66.91806025590748,0.2,0.07316110914101442,2.6413044029308286,1.0485148706661087,-0.17205902672723106,0.0558686809714424,1779463654.0305684,None,None,None, None, 1779463654.0457792,0.9453920797397493
1779463654.2700427,29.044712781906128,-112.12362926400064,66.25145470725289,0.2,0.06530650858824141,2.6799714053624544,1.0511267443288461,-0.024760447330304195,0.05083577935738418,1779463654.2338321,None,None,None, None, 1779463654.2489345,1.040138364047223
1779463654.4706628,29.245332956314087,-105.61388656835133,58.50227140935404,0.2,0.0594032432259723,2.7194143082211326,1.0535936373979595,-0.03036179284944389,0.044225633257852955,1779463654.4515448,None,None,None, None, 1779463654.4661472,0.9892242572338201
1779463654.6700544,29.444724559783936,-112.6105334132368,66.7927473715217,0.2,0.06175283441952288,2.6395793069232405,1.0494441058511408,-0.03273157828500245,0.03760396238906151,1779463654.653847,2.6342267408325655,1.0491554927568478,0.08217701323045645, 1779463654.4806, 1779463654.6685452,0.9314235796713345
1779463654.8708744,29.64554452896118,-63.360908562078095,115.51677265893667,0.2,0.05631794308606956,2.6665453733845026,1.0510872856546811,-0.04697892844900682,0.02812549126549181,1779463654.855607,None,None,None, None, 1779463654.855607,0.9508445663823345
1779463655.0704894,29.84515953063965,-63.44478921813424,115.44648381550437,0.2,0.05069104223153355,2.699176630014414,1.0528042939065791,-0.019424441103535438,0.024699215407816274,1779463655.031997,None,None,None, None, 1779463655.0585792,1.0599683974394867
1779463655.2701135,30.04478359222412,-63.48565274941685,115.41222831146722,0.2,0.04761661070657714,2.735371255587402,1.0544899658401103,0.006962730597434663,0.02628997115299553,1779463655.2604642,None,None,None, None, 1779463655.2604642,0.9923243563330618
1779463655.4699457,30.24461579322815,-63.481603317574084,115.41562330306208,0.2,0.04718891249665295,2.7736011360055146,1.0561854197019045,0.022906487542726606,0.03092692619038126,1779463655.462894,None,None,None, None, 1779463655.4148602,0.9581944204712866
1779463655.6706963,30.445366382598877,-62.72352529329921,116.04967028193903,0.2,0.0875532899213813,2.7377042179653253,1.0569531601629096,0.46669455980160524,0.1028285077530619,1779463655.6169596,2.7328454755976086,1.056888393707225,0.05967412597895638, 1779463655.491607, 1779463655.6139655,0.9481768714052332
1779463655.8703532,30.645023345947266,-62.340460029262815,116.36891808203772,0.2,0.10771872403355258,2.7690721877173523,1.0602213576139274,0.03368393414770586,0.11017478343964793,1779463655.835054,None,None,None, None, 1779463655.835054,0.9693548077420686
1779463656.0792384,30.85390853881836,-111.60748038628887,67.96015985513833,0.2,0.1196832006025817,2.8043871711969164,1.0643484805061703,0.0352237536592445,0.11721802421158263,1779463656.035011,None,None,None, None, 1779463656.035011,1.0511572655321344
1779463656.2702138,31.044883966445923,-111.4647447543544,68.12558455288908,0.2,0.12753001736603206,2.8419473907558905,1.0691388968301396,0.011481461470333148,0.11952650119261919,1779463656.2360723,None,None,None, None, 1779463656.2360723,1.0762081427551304
1779463656.4705868,31.245256900787354,-104.10632445572932,84.39973709191227,0.2,0.1305411873060966,2.8807210421206286,1.0743248083218773,-0.016826147847638803,0.1161020425800721,1779463656.4395924,None,None,None, None, 1779463656.4255064,1.0815145445432606
1779463656.6703362,31.445006370544434,-111.5163329923335,68.06581594141817,0.2,0.12292130883503803,2.839815018193918,1.0652170805190073,-0.010761975030245964,0.11458115524300665,1779463656.6753426,2.8345687223864426,1.0642785360866185,0.09760940066404267, 1779463656.501347, 1779463656.6633413,1.0175260141824294
1779463656.870986,31.6456561088562,-61.9583241325723,116.68662993634298,0.2,0.12284006210434854,2.8708816026993906,1.0691215531938276,-0.023640265732075404,0.10907874956606783,1779463656.8136685,None,None,None, None, 1779463656.8447788,0.9203034867020887
1779463657.0697951,31.844465255737305,-61.947902611157154,116.6952838710205,0.2,0.12154049187399495,2.9060420409352896,1.0734171351608826,-0.000708185296074628,0.10892571276565942,1779463657.0297656,None,None,None, None, 1779463657.0617588,1.0074347317801993
1779463657.270135,32.04480504989624,-111.42699172728025,68.16930974362461,0.2,0.1232808665383535,2.9436005841094053,1.077922867862517,0.03444250475464801,0.11588521400283666,1779463657.231827,None,None,None, None, 1779463657.2641225,1.051359291702901
1779463657.4701412,32.24481129646301,-111.36530866623501,68.24072438269296,0.2,0.12557194899024451,2.982401735191928,1.082785501013582,0.00946171282819723,0.11808317481238048,1779463657.4641275,None,None,None, None, 1779463657.4218345,1.0017482413164165
1779463657.6703446,32.4450147151947,-122.79674205189693,99.19216289509055,0.2,0.1181281874402287,2.939916239585565,1.0741068982939115,-0.008518299162491859,0.11635632145835971,1779463657.6668503,2.9345841992671575,1.0732121398379828,0.09365099157614498, 1779463657.512675, 1779463657.6207466,0.9379132554580122
1779463657.8704665,32.64513659477234,-61.92279732245344,116.71612875520991,0.2,0.11807676686936647,2.973591542319512,1.078154153977172,-0.016570184389379457,0.11325907910098465,1779463657.853767,None,None,None, None, 1779463657.8363514,1.043995022832916
1779463658.0706804,32.84535050392151,-61.93306243337167,116.70760604404916,0.2,0.11563066793996066,3.010312070309684,1.0824611558101669,-0.011339473791121494,0.11187068902051803,1779463658.0736845,None,None,None, None, 1779463658.0736845,0.9371180651205305
1779463658.27337,33.04804015159607,-61.91876697553717,116.71947484161262,0.2,0.11466040697462525,3.0487464468196017,1.0868239439589695,0.013205173528150293,0.11498455431186931,1779463658.212012,None,None,None, None, 1779463658.2753701,0.9017107725871142
1779463658.4724586,33.24712872505188,-61.866818873356465,116.76259580304574,0.2,0.11598123475458719,3.088082505959328,1.091262766210101,0.030573680838387,0.12162164557913295,1779463658.4290972,None,None,None, None, 1779463658.4138143,1.0104098133517725
1779463658.6708019,33.44547200202942,-111.4455378888494,68.1478312741453,0.2,0.11380243032710628,3.0352725867779586,1.0825915328028306,0.03461832729679857,0.12919672395163342,1779463658.6479142,3.0292463901366755,1.0817292838942616,0.09993104169847289, 1779463658.523104, 1779463658.6209176,1.006112684519571
1779463658.870028,33.64469814300537,-61.83245196158826,116.79111531687411,0.2,0.11631019402712027,3.0647088907949387,1.0860080929687488,0.007214187561720009,0.13075210632900475,1779463658.8635147,None,None,None, None, 1779463658.8177054,0.9881575176232886
1779463659.070729,33.845399141311646,-61.77074843388885,116.84230485876715,0.2,0.11803668371268732,3.0988599786371935,1.0899905913999959,0.018705863974043793,0.13434600765780197,1779463659.0556417,None,None,None, None, 1779463659.0244026,1.0218964561816053
1779463659.2706542,34.04532432556152,-61.69839095200246,116.90230783646146,0.2,0.12040939581193169,3.135845061551885,1.094346297390345,0.02886584811732226,0.1382937766465188,1779463659.2731621,None,None,None, None, 1779463659.2240407,0.9459783149429479
1779463659.4709861,34.24565625190735,-61.61686766944573,116.96987913566983,0.2,0.12331981018662481,3.174392864162627,1.098982537306643,0.03214149124139035,0.14682773559765125,1779463659.4579165,None,None,None, None, 1779463659.4742594,0.9704086528684445
1779463659.670304,34.444974184036255,-61.45794739594147,117.10150275478725,0.2,0.13121521616570506,3.136659274354668,1.0933081166580778,0.03289628824365608,0.15298485638103348,1779463659.6450841,3.131641872425644,1.0926226892382376,0.14481489390108404, 1779463659.532934, 1779463659.6652753,0.916101802549952
1779463659.8755388,34.650208950042725,-61.3665683276233,117.17712713970914,0.2,0.13435154114257972,3.167834160381733,1.097410409387365,0.036687048428314224,0.15865531481783282,1779463659.8919764,None,None,None, None, 1779463659.8176682,1.0323865242641714
1779463660.0707114,34.84538149833679,-61.26352833298957,117.26235025665349,0.2,0.1382582011337939,3.2030213124538296,1.1021599116646854,0.03939602210210646,0.16781221603032115,1779463660.0320792,None,None,None, None, 1779463660.0320792,0.9360064707375639
1779463660.2705138,35.04518389701843,-61.16378140763369,117.34479752599744,0.2,0.1419096145750959,3.240536937602874,1.1073800585873,0.03407958910270529,0.1752190655458894,1779463660.249419,None,None,None, None, 1779463660.235872,1.062307142797632
1779463660.4704258,35.24509596824646,-61.05154340272308,117.43750814336194,0.2,0.14630704804978625,3.279309558448763,1.1129195013447377,0.039011423715079006,0.18178266645153474,1779463660.4176672,None,None,None, None, 1779463660.4347563,1.0439323396669842
1779463660.6702974,35.44496750831604,-110.39339998066609,69.36171423287533,0.2,0.16462305495021848,3.236992536397283,1.108347059876248,0.03603912075166548,0.18848294808328644,1779463660.603584,3.231673576381805,1.1076715118159453,0.20630351554251372, 1779463660.538417, 1779463660.5875092,0.9218843149347574
1779463660.8699832,35.6446533203125,-60.558777989525524,117.84377425940328,0.2,0.16823753401142788,3.2674977074250977,1.113498825256336,0.008651630679532082,0.19076160469639866,1779463660.866963,None,None,None, None, 1779463660.8231652,0.9453050617482642
1779463661.0702565,35.844926595687866,-60.42223415780874,117.95612878036417,0.2,0.17349962215325357,3.3022003919910263,1.119402666430517,0.04819685595232056,0.19985803870168975,1779463661.055698,None,None,None, None, 1779463661.0235195,1.0265222986665388
1779463661.2710009,36.04567098617554,-60.30807589360597,118.0499901059661,0.2,0.1774128475917923,3.3393411812931912,1.1259345063122055,0.031241130716618663,0.20566633013917904,1779463661.241616,None,None,None, None, 1779463661.274007,1.0874475268453727
1779463661.4896731,36.26434326171875,-59.690613633998815,117.72775365237061,0.2,0.18098081668809698,3.377810879229781,1.1328320446839297,0.03293649326225222,0.2120041980911644,1779463661.434043,None,None,None, None, 1779463661.4124444,1.046949649924032
1779463661.6710749,36.44574499130249,-59.76070681566686,118.49911324803419,0.2,0.20064424412602994,3.327588149154149,1.1268952458285797,0.033224550527438196,0.21924508047915525,1779463661.6519806,3.321775800514636,1.1260438007514362,0.24739544487922416, 1779463661.55214, 1779463661.6519806,1.0969490533273891
1779463661.8713553,36.64602541923523,-59.07352159216932,119.06079677557325,0.2,0.2369925941141146,3.3568811108143883,1.132848128584115,0.3795594882632382,0.29392962564914626,1779463661.848747,None,None,None, None, 1779463661.8638208,1.0885603198717837
1779463662.0708725,36.845542669296265,-58.70820221167471,119.3584224951729,0.2,0.2541516893705767,3.390337886590439,1.1414154455141947,0.038299957388375216,0.3012416387456251,1779463662.0396614,None,None,None, None, 1779463662.066357,1.0101781017152514
1779463662.270308,37.04497814178467,-58.45834589428201,119.56159217617827,0.2,0.2646328160660998,3.4263949717646636,1.1510618952058778,0.03519793265861089,0.30835108903280456,1779463662.2416463,None,None,None, None, 1779463662.2562208,0.9545770014914895
1779463662.472081,37.24675107002258,-52.54724223360864,115.08327753989475,0.2,0.2722538500194397,3.4638776047069353,1.1613679269681763,0.03907166168014502,0.31678371494388885,1779463662.457471,None,None,None, None, 1779463662.476084,0.9294460404074772
1779463662.670536,37.44520616531372,-57.89125637608578,120.02155233528484,0.2,0.28752688501754026,3.423880590744896,1.1521658066890799,0.05096778193988879,0.3261485301307653,1779463662.6412108,3.418836005782178,1.1508801386673293,0.3103622906113764, 1779463662.56698, 1779463662.6134593,0.9959588289378785
1779463662.8706763,37.64534640312195,-57.71984815412606,120.16026184418355,0.2,0.29287605036067244,3.4533043428630674,1.1609161703847555,0.03904590098993068,0.3342553388053066,1779463662.8488333,None,None,None, None, 1779463662.8320944,0.9977885626532169
1779463663.0699813,37.84465146064758,-57.559877519374886,120.2895828849167,0.2,0.29757451231252335,3.486868725674477,1.1710652709659328,0.03825470364358654,0.3418991034206981,1779463663.0486457,None,None,None, None, 1779463663.0335515,1.014722848109505
1779463663.2721639,38.046833992004395,-47.2872906648132,113.86999588715139,0.2,0.36161025728577256,3.522859199707092,1.182115012350053,0.5904893450890474,0.4282750698069922,1779463663.1949244,None,None,None, None, 1779463663.2721639,1.0687937603935362
1779463663.4848075,38.259477615356445,-36.91117944532506,106.345681612292,0.2,0.38606378020194887,3.5579368675372267,1.1962891674585325,0.0396490892928761,0.4373202489570701,1779463663.4230552,None,None,None, None, 1779463663.4074965,1.0107269499525984
1779463663.6701665,38.44483661651611,-55.61900435706647,121.84844535939214,0.2,0.3945819472486506,3.519484768444593,1.1835513854197348,0.038316365280390875,0.44567397233605405,1779463663.641075,3.5147745648212894,1.1817943284463235,0.3764123722386232, 1779463663.577483, 1779463663.6254392,0.9629291749841773
1779463663.8709543,38.64562439918518,-52.937280388962236,120.16327915980958,0.2,0.4049351345873249,3.5466639086906904,1.1950644818026648,0.0417727951847546,0.45471681826326904,1779463663.8575518,None,None,None, None, 1779463663.8731534,0.9550173284365642
1779463664.0705514,38.845221519470215,-45.315273791574846,114.44557038029525,0.2,0.412224753637422,3.577888004857792,1.2085664061120989,0.04054754665776158,0.46250132495753565,1779463664.0495365,None,None,None, None, 1779463664.0680404,0.9072206543475926
1779463664.2705815,39.0452516078949,-33.400180592971275,105.98407728443944,0.2,0.44570137385413744,3.6107052205429877,1.2229799793294127,0.2962761488815609,0.5263475980334364,1779463664.2650323,None,None,None, None, 1779463664.2358987,1.0200904142705258
1779463664.4708006,39.24547076225281,-26.37151221708042,100.5874030865213,0.2,0.447295870521778,3.642576820071485,1.2386455872875832,-0.07596861771559606,0.5120880142820343,1779463664.452736,None,None,None, None, 1779463664.4380405,1.0861761567842976
1779463664.670295,39.44496512413025,-54.43543081597936,122.78994133594718,0.2,0.4241944066491429,3.5673138088540766,1.21346011695199,-0.06355908612644702,0.5003004616375414,1779463664.638194,3.560385853955166,1.2108443854899493,0.3746944263991585, 1779463664.578551, 1779463664.668789,0.9727203037957215
1779463664.8705404,39.64521050453186,-54.5835870570179,122.67246296959148,0.2,0.40911652416939304,3.587974799730513,1.2226946351020216,-0.11491193280905747,0.481274572737885,1779463664.8735468,None,None,None, None, 1779463664.872547,0.9849174471098407
1779463665.0706613,39.84533143043518,-54.73113954484386,122.55535684673654,0.2,0.3943564888688797,3.6153217288874755,1.2342766465818011,-0.06340663783369947,0.4679552761053484,1779463665.0737402,None,None,None, None, 1779463665.0596237,0.9112797726042906
1779463665.2702408,40.04491090774536,-54.891215614125194,122.42819095188179,0.2,0.37901648528913173,3.647253125200063,1.2472338533161147,-0.0664277903904735,0.4533557150911564,1779463665.2336059,None,None,None, None, 1779463665.2190738,0.9228722240100612
1779463665.4714372,40.24610733985901,-55.04731359776761,122.30406452395317,0.2,0.363955897956025,3.6820454413885013,1.2607215593807242,-0.06183315232026129,0.4389004844155784,1779463665.4673839,None,None,None, None, 1779463665.4362688,1.0935169045121134
1779463665.6704302,40.4451003074646,-55.32721830029822,122.08119003152628,0.2,0.3288239312103591,3.534009606563727,1.2276118663077231,-0.07025857904186965,0.42481253295089927,1779463665.6678996,3.5220020712002817,1.22457783517547,0.27299718365295433, 1779463665.589819, 1779463665.591823,1.0289289164758586
1779463665.8708184,40.64548850059509,-55.55785231539382,121.89725828747342,0.2,0.3125689993793927,3.5469472435809717,1.2318877511146415,-0.0651068843609826,0.41467647970566773,1779463665.823583,None,None,None, None, 1779463665.8245811,1.0359729767415318
1779463666.0703535,40.84502363204956,-55.78052970176599,121.71942365557847,0.2,0.2970370674130789,3.568481414707404,1.2386213417735268,-0.06147681769209523,0.4011812002871106,1779463666.043101,None,None,None, None, 1779463666.043101,0.9738491117581045
1779463666.2711816,41.045851707458496,-55.988226464645926,121.55333254153275,0.2,0.28243858953206286,3.5967711164560345,1.2469940946729006,-0.05605217595841083,0.3890723889436131,1779463666.2591286,None,None,None, None, 1779463666.2601285,1.09991420073765
1779463666.4706712,41.245341300964355,-56.18605517409236,121.39493465369534,0.2,0.26849184610552707,3.629716231499234,1.2562361859662696,-0.05378662397971618,0.38143728088643386,1779463666.4010804,None,None,None, None, 1779463666.4102979,1.0041777279374973
1779463666.670734,41.445404052734375,-56.555563501642354,121.09855731218248,0.2,0.23311020413766204,3.4913856755233947,1.242415614962709,-0.05853422109529039,0.3687695178831483,1779463666.6174967,3.4800507242144554,1.2408961058788608,0.17142753930815235, 1779463666.598941, 1779463666.6315725,1.0024808675546804
1779463666.8701446,41.64481472969055,-56.81642971812847,120.88891246617794,0.2,0.21836467416996072,3.5054037453289393,1.245613299282303,-0.057938268339230554,0.35714130484156636,1779463666.8181968,None,None,None, None, 1779463666.8181968,0.941061439872149
1779463667.0701225,41.84479260444641,-57.067349405102696,120.68694191504594,0.2,0.20430381115140708,3.5279615975454828,1.2504125235005326,-0.05443896560307843,0.34541105126334964,1779463667.033672,None,None,None, None, 1779463667.0181541,0.9265911170073706
1779463667.2701228,42.044792890548706,-57.242489339898654,120.54578224159917,0.2,0.1938643226935275,3.557151198118982,1.2562011842898166,-0.02396717097014851,0.34063383287956617,1779463667.2329955,None,None,None, None, 1779463667.2177567,1.0039666024934382
1779463667.4703085,42.24497866630554,-57.316750530653515,120.48588285168961,0.2,0.18812327243314983,3.590869509828063,1.2625700844095662,0.0062515242567152,0.34182623588020405,1779463667.4237335,None,None,None, None, 1779463667.4683042,1.0999403615720509
1779463667.6706848,42.44535493850708,-57.704493955850715,120.17267981152476,0.2,0.16467856970756078,3.4934448207585476,1.2519409862493873,-0.008208326201494219,0.3401663465018233,1779463667.6259537,3.484729095664191,1.2508099024382888,0.11256951335364285, 1779463667.609891, 1779463667.6565075,0.9724911032449065
1779463667.8700037,42.6446738243103,-57.794739897047194,120.09967495103886,0.2,0.1589467978753831,3.5143079771460934,1.2553032461653868,-0.006768441129806088,0.33864708199531307,1779463667.8504167,None,None,None, None, 1779463667.8659515,0.9738346627686512
1779463668.0714965,42.84616661071777,-57.86821744392355,120.04020481127465,0.2,0.15397277912865737,3.542437937541008,1.2596821264814642,-0.005983952460382818,0.33763380291306366,1779463668.0197494,None,None,None, None, 1779463668.0197494,1.072978456362525
1779463668.2699957,43.044665813446045,-57.93097352146926,119.98939081275293,0.2,0.14952114526430038,3.5756312171896694,1.264688260170105,-0.004719896477408134,0.33662847143616464,1779463668.232748,None,None,None, None, 1779463668.233747,1.0791097632491309
1779463668.4795113,43.25418138504028,-57.9843408101861,119.94616342859715,0.2,0.14539745453484162,3.6119703838327215,1.27001022925621,-0.0040609864791948,0.33574296751269533,1779463668.4507995,None,None,None, None, 1779463668.4351764,1.0793889816452844
1779463668.6710274,43.44569754600525,-58.404578831537435,119.60527149002134,0.2,0.13194284900394695,3.5767159900905194,1.254684754854281,-0.002469667654946003,0.335242523929138,1779463668.6534355,3.5719394498383528,1.2533339798010918,0.10381172211720102, 1779463668.610817, 1779463668.6263545,1.0103400280629018
1779463668.870229,43.644899129867554,-58.4711223712999,119.55121067300986,0.2,0.12765766139637347,3.6074107901170023,1.2586366593626348,-0.0024752275855119427,0.3347794414698972,1779463668.8405223,None,None,None, None, 1779463668.8460233,0.9285480977096253
1779463669.0701115,43.84478163719177,-58.74026403567681,119.33232873749404,0.2,0.11474343091554676,3.6423574581983402,1.262987927239604,-0.08940690299389034,0.31496872130218045,1779463669.0621016,None,None,None, None, 1779463668.9979377,1.0866685832716299
1779463669.2702954,44.044965505599976,-59.073349493667266,119.0609371432477,0.2,0.09920064850872128,3.6798579929508533,1.2670354460803477,-0.08235159582352336,0.29868977227520843,1779463669.2597778,None,None,None, None, 1779463669.2151082,0.9345467839704491
1779463669.4703612,44.24503135681152,-59.40399588754735,118.79097696042903,0.2,0.08384854012693879,3.71877541540078,1.270564698778628,-0.06794538910771972,0.28484308766916133,1779463669.4635692,None,None,None, None, 1779463669.4321058,0.9324991329819262
1779463669.6703715,44.44504165649414,-59.90129966881536,118.38390104272975,0.2,0.05334664682585382,3.581672074085744,1.2771923207064617,-0.06966954247064455,0.27298982536222033,1779463669.6337047,3.5701676552762858,1.2774299989480145,0.010322466087694162, 1779463669.615149, 1779463669.649792,1.0070219682006736
1779463669.8701153,44.64478540420532,-60.29413318895987,118.06144927409241,0.2,0.037363283682605816,3.5984081402149215,1.2779306805900337,-0.0662601665380084,0.25866395911063367,1779463669.849911,None,None,None, None, 1779463669.849911,0.918262545591683
1779463670.0724194,44.847089529037476,-60.65335325829836,117.76589733919508,0.2,0.02289754119265556,3.6234871156431425,1.2786387592031574,-0.054642365427599746,0.2501203573003167,1779463670.0062659,None,None,None, None, 1779463670.0062659,1.0581934521994694
1779463670.2713482,45.04601836204529,-60.98953778594629,117.48869807148564,0.2,0.009459845840804176,3.654757507556161,1.2790863807492874,-0.051289412968682,0.23897649169349813,1779463670.22354,None,None,None, None, 1779463670.22354,1.0965730831232856
1779463670.470177,45.24484705924988,-61.31358248852565,117.2209579239185,0.2,6.279751290939175,3.6900662401849567,1.2791330880300948,-0.050754457815709794,0.22798211104779667,1779463670.440159,None,None,None, None, 1779463670.440159,0.9215257904783766
1779463670.6699653,45.44463539123535,-62.122915986613044,116.54987959207229,0.2,6.249447533631315,3.537974434572488,1.281314038434933,-0.04787225447944785,0.21756417883707238,1779463670.6577785,3.525623615002548,1.2814836805723235,6.19703836499541, 1779463670.625613, 1779463670.5975726,0.9834494553744499
1779463670.8709948,45.64566493034363,-62.5306156785521,116.21053743762913,0.2,6.235040208793459,3.5503661376189055,1.2808002963139091,-0.06671289348216024,0.20806698090568473,1779463670.8001378,None,None,None, None, 1779463670.80514,1.09859893007129
1779463671.0706577,45.845327854156494,-62.89943169811716,115.90281261005812,0.2,6.2222197869213725,3.571901842673217,1.27958522264101,-0.04732302988125645,0.19559772475143875,1779463671.06363,None,None,None, None, 1779463671.0266626,0.9952841286442244
1779463671.270598,46.045268058776855,-63.275888009731126,115.5879789730997,0.2,6.209218287802372,3.600642415779325,1.2776089080285686,-0.05486704433200167,0.18449237504752605,1779463671.2660348,None,None,None, None, 1779463671.2196283,0.9825106768523935
1779463671.4705868,46.24525690078735,-63.64983749102852,115.27450527040884,0.2,6.196370264145905,3.6343135858689215,1.274853058366828,-0.05391057404079314,0.176980891070545,1779463671.4053671,None,None,None, None, 1779463671.441939,0.9132597521813668
1779463671.6707797,46.44544982910156,-64.69621881853197,114.39342550587313,0.2,6.164147396564345,3.491884727058262,1.2818637355430107,-0.05472959938535556,0.16598816342300346,1779463671.6712928,3.4802293181901205,1.2825460542787042,6.1078267215430575, 1779463671.63685, 1779463671.6378503,0.9323510433259619
1779463671.8705554,46.645225524902344,-66.53809873324101,112.82834767266439,0.2,6.1028863781870015,3.505282021258273,1.2801560142309758,-0.5532302968882742,0.05400711390613468,1779463671.8737047,None,None,None, None, 1779463671.8592682,0.9247576373665252
1779463672.070111,46.844781160354614,-67.5405563821802,111.96886193337065,0.2,6.070728922836616,3.527224591315078,1.275524428856951,-0.0526008724591196,0.043238900508291794,1779463672.0712247,None,None,None, None, 1779463672.0613394,1.0512285775823595
1779463672.2707233,47.04539346694946,-68.25202318613044,111.35554697493083,0.2,6.048572174067372,3.5558365004533403,1.2688088909716364,-0.051082426132742706,0.03018313488185202,1779463672.2689333,None,None,None, None, 1779463672.2093575,0.9524417078043655
1779463672.4703598,47.24502992630005,-68.8511553652184,110.83691780128164,0.2,6.030242675430567,3.5889184035963106,1.2604512991259345,-0.06180360298147837,0.02075546787917966,1779463672.4214756,None,None,None, None, 1779463672.435771,0.9018858050490055
1779463672.6703806,47.44505071640015,-69.60193011653121,110.18422784771889,0.2,6.014889363241411,3.4474460447278292,1.2811186593708968,-0.05459879923876627,0.008617396926815195,1779463672.6437895,3.435914715784852,1.2830904677117936,6.014807366788879, 1779463672.636262, 1779463672.655311,1.0494277053876364
1779463672.873018,47.647688150405884,-70.13596233545644,109.71806215216088,0.2,6.000068371056019,3.4606596250569535,1.2773597883206915,-0.058537778183408676,6.279249172800778,1779463672.8582413,None,None,None, None, 1779463672.8582413,0.9207703478484555
1779463673.0703137,47.84498381614685,-70.6266380197917,109.28834194700757,0.2,5.986676781136331,3.482439146445965,1.2708307910435297,-0.053587321314606466,6.268452404028488,1779463673.0597212,None,None,None, None, 1779463673.0607216,1.0430611013098285
1779463673.270613,48.04528307914734,-71.11897361148704,108.85581324491997,0.2,5.973302007061291,3.5107666457159463,1.2619426770207278,-0.05972236027453156,6.26015606865111,1779463673.1986363,None,None,None, None, 1779463673.2590241,1.0034118845225037
1779463673.470899,48.24556922912598,-71.60943698890435,108.4235740239471,0.2,5.959989788776635,3.5434190024839456,1.2512194642456995,-0.060316408232072447,6.2460654426197815,1779463673.432248,None,None,None, None, 1779463673.432248,1.0539308029913483
1779463673.670337,48.44500708580017,-72.50309824446886,107.63250407586496,0.2,5.941438764302478,3.4074303234740824,1.2803512097774838,-0.060616783033114574,6.233701295563665,1779463673.6362205,3.396291704310831,1.283032412927773,5.926103308345052, 1779463673.643755, 1779463673.6292295,0.9963501602293068
1779463673.870927,48.64559721946716,-73.04353721612527,107.15190269641361,0.2,5.927557835699779,3.421138163647141,1.2753614684233978,-0.06497246289094384,6.22151418765379,1779463673.823794,None,None,None, None, 1779463673.823794,0.927374583112236
1779463674.0700672,48.84473729133606,-73.58272322561709,106.67075013635858,0.2,5.9137565292736465,3.443047366351994,1.2670377069056005,-0.06390056101840524,6.2065653433931,1779463674.057733,None,None,None, None, 1779463674.0421057,0.951841491093337
1779463674.27018,49.04485011100769,-74.33158489017089,105.99971471343224,0.2,5.893410511677776,3.4711171170463464,1.2559283205965008,-0.12509089519983357,6.187803158559209,1779463674.2077215,None,None,None, None, 1779463674.2002065,0.9472255787184685
1779463674.470289,49.244959115982056,-74.93482502564372,105.45680691347415,0.2,5.87764582576793,3.5030678151066446,1.2424333824314775,-0.06274227647768436,6.17378624249851,1779463674.431126,None,None,None, None, 1779463674.4437149,0.9469810778532068
1779463674.6706128,49.44528293609619,-76.14694298996108,104.35950046316194,0.2,5.8529847020500165,3.364204908520702,1.2788415470791088,-0.06115356236640533,6.160649925115234,1779463674.6459348,3.352942165339843,1.2821892639421082,5.823213266206371, 1779463674.645026, 1779463674.662049,1.0117009333944595
1779463674.8701777,49.64484786987305,-76.73193630828499,103.82682902220715,0.2,5.8387854390869105,3.3769527051336854,1.2728699040706668,-0.06251177423391213,6.147038950502938,1779463674.8636694,None,None,None, None, 1779463674.8646448,0.9788777408833665
1779463675.0711184,49.84578847885132,-77.26252431281293,103.34194539674085,0.2,5.82628340210596,3.3976446523814676,1.2628272574537023,-0.051356091783372325,6.13656236919627,1779463675.0676682,None,None,None, None, 1779463675.0676682,1.0044097516749304
1779463675.270983,50.045653104782104,-79.7096644130851,101.08379716054209,0.2,5.75486835868337,3.4243519856077875,1.2494737450603957,-0.6039968106265653,6.014968363859497,1779463675.2689838,None,None,None, None, 1779463675.236747,0.9986421648947289
1779463675.4702463,50.2449164390564,-80.90934229953083,99.96350739283011,0.2,5.7216738740346464,3.4536438282721544,1.231233911945012,-0.06839423630440546,6.001991571521436,1779463675.458719,None,None,None, None, 1779463675.4280448,1.0843617032594979
1779463675.6699474,50.44461750984192,-82.16270199943193,98.78362257577652,0.2,5.700935442557675,3.321049337162238,1.276073674145556,-0.08245645539862646,5.985239281622082,1779463675.6618843,3.3103935767225154,1.2803196635304916,5.714963629752053, 1779463675.647597, 1779463675.615513,1.0879224226233983
1779463675.8706367,50.64530682563782,-82.99743795853608,97.99239805048397,0.2,5.680140426965735,3.3334459981573312,1.2676676595024514,-0.06923112642960572,5.971311529966194,1779463675.863062,None,None,None, None, 1779463675.8159761,1.0918622290082651
1779463676.0702615,50.84493160247803,-83.72214757375416,97.301916731811,0.2,5.662586303445208,3.3528520120547114,1.2540028531426857,-0.07210936974606033,5.956770029157181,1779463676.0647209,None,None,None, None, 1779463676.033839,1.0453776380652715
1779463676.2698152,51.044485330581665,-84.37906201570112,96.67315885936448,0.2,5.647005405364492,3.3774015885800943,1.2361238378367587,-0.06881191812383196,5.942865205014146,1779463676.2667909,None,None,None, None, 1779463676.2516105,1.0507405721542797
1779463676.4712667,51.24593687057495,-84.98810643793118,96.08776555067604,0.2,5.632835577314915,3.4052076490423846,1.2152470436451737,-0.06477769619761845,5.933599051904152,1779463676.4098363,None,None,None, None, 1779463676.4098363,1.095667406815582
1779463676.68224,51.456910133361816,-86.15693348910833,94.95766208010825,0.2,5.614711163597792,3.2792175263969603,1.2719854223970442,-0.06549965152033808,5.9206153508496415,1779463676.691753,3.269092050614726,1.2771648815922392,5.601487358609739, 1779463676.654191, 1779463676.686242,0.9738576872203062
1779463676.8712013,51.64587140083313,-86.78577776303138,94.3459967597224,0.2,5.60033351795708,3.291177084645394,1.262409264826116,-0.07715641182233651,5.905202074022181,1779463676.8078284,None,None,None, None, 1779463676.8250933,0.9283439856746212
1779463677.0705533,51.84522342681885,-87.39588897753188,93.75008943194982,0.2,5.58672149440483,3.309649341373669,1.2471712791636782,-0.0672253740297738,5.8915491477835475,1779463677.0735571,None,None,None, None, 1779463677.0284708,1.0180303035075895
1779463677.2700016,52.04467177391052,-87.99566386153492,93.16189861100813,0.2,5.573334575182308,3.332897033527829,1.2274692823862459,-0.0680167797458913,5.8766908288764315,1779463677.229371,None,None,None, None, 1779463677.2619898,0.9989993210768282
1779463677.470843,52.24551320075989,-88.60450994436792,92.56238453404163,0.2,5.559573200426166,3.3591524648023885,1.204615467834045,-0.07277599550886237,5.861785566864438,1779463677.4341812,None,None,None, None, 1779463677.46431,0.9374285586432661
1779463677.6700218,52.4446918964386,-90.07954004135175,91.09973252790435,0.2,5.5321760209579045,3.2412581059959997,1.267175738414971,-0.07332896172310452,5.847071920088181,1779463677.6348338,3.2317719751943144,1.2728703816644642,5.492901398593338, 1779463677.664991, 1779463677.6659887,1.0223991487920405
1779463677.8731513,52.6478214263916,-90.69362089163585,90.48649631776206,0.2,5.5188838873676245,3.253036651917264,1.2560355517932393,-0.06757374634075697,5.8343253000646635,1779463677.8234665,None,None,None, None, 1779463677.8533478,1.0181276631806848
1779463678.0707104,52.845380544662476,-91.06135839249974,90.1180419417822,0.2,5.512933564128276,3.2707115258581716,1.2388789367175372,0.00037941212339369666,5.834408076380154,1779463678.0416365,None,None,None, None, 1779463678.0416365,1.079762086588362
1779463678.2704911,53.04516124725342,-91.33372073358592,89.84455574692089,0.2,5.509939683331531,3.2928157377199825,1.2172933936066772,0.00019043107284862586,5.834451276764932,1779463678.2684922,None,None,None, None, 1779463678.258471,1.0419167689375397
1779463678.4710498,53.24571990966797,-91.55787435005493,89.61909758493168,0.2,5.508437406496394,3.317832424353728,1.192794355415347,0.0001779229454936469,5.834479953073711,1779463678.4296649,None,None,None, None, 1779463678.4138794,1.0931833232376285
1779463678.6704857,53.44515585899353,-91.75657330147108,89.41895496873452,0.2,5.507684739049758,3.3445850000749164,1.1665612365897218,-5.104145734829583e-05,5.834469746666038,1779463678.629628,None,None,None, None, 1779463678.6604662,1.0390058367070159
1779463678.870797,53.645467042922974,-92.92402782666304,88.23753549985872,0.2,5.492154708170014,3.190728770584304,1.2650976731157368,-2.9004659435149226e-05,5.834462955621148,1779463678.8637643,3.1825400900523655,1.2707680023469055,5.4501985256821515, 1779463678.674797, 1779463678.8487337,0.9971735170386751
1779463679.0705647,53.845234870910645,-93.10507684032031,88.05347706696611,0.2,5.492029127889477,3.1996197555690173,1.256102425715273,0.0008256675389889496,5.834621650058228,1779463679.0559657,None,None,None, None, 1779463679.0645125,0.9168570322683488
1779463679.2702127,54.04488277435303,-93.28387148936172,87.8714869579245,0.2,5.491963515593491,3.2148024789339957,1.2407438430814437,-1.3679525340755681e-05,5.834619348150796,1779463679.2242396,None,None,None, None, 1779463679.2242396,0.970213936031525
1779463679.4707553,54.24542546272278,-93.45582767551349,87.69624761364315,0.2,5.492121192427046,3.2349544226397384,1.2203629682306882,-3.843486236309928e-05,5.834610451968105,1779463679.4557009,None,None,None, None, 1779463679.4707553,1.0211034419213385
1779463679.6702285,54.44489860534668,-93.62432380876297,87.52433437354647,0.2,5.492350828396505,3.258554155914254,1.1965059420803357,9.565894957543415e-05,5.834624424483489,1779463679.6717567,None,None,None, None, 1779463679.6077673,0.9571910624204397
1779463679.8702812,54.64495134353638,-94.64597341183136,86.47770618121366,0.2,5.481529536107541,3.137931825681662,1.2646874955783216,1.6809608767838522e-05,5.834627694384715,1779463679.7962925,3.128477048830842,1.2707719925310514,5.450186824838937, 1779463679.683852, 1779463679.8199902,0.9380693305670672
1779463680.0716257,54.84629583358765,-94.81453171507928,86.30432063289321,0.2,5.481828782351802,3.1481599794926716,1.2541274163115226,-5.077958884720247e-05,5.834616714245863,1779463680.012524,None,None,None, None, 1779463680.012524,1.0065030399293022
1779463680.2700758,55.04474592208862,-94.97782473443888,86.1361595303461,0.2,5.482201151595808,3.164300574306381,1.237475893103781,6.54016679080492e-05,5.8346292085830544,1779463680.290157,None,None,None, None, 1779463680.2165916,1.0282464747581765
1779463680.470747,55.24541711807251,-95.14206843668866,85.96682883654385,0.2,5.482599200140663,3.1849975863170954,1.2161421681167752,-5.505081816768544e-05,5.834614913352294,1779463680.4632373,None,None,None, None, 1779463680.3712714,0.9621037161128758
1779463680.6704075,55.445077657699585,-95.30452167814308,85.79915573020338,0.2,5.483020452324536,3.2088040001596383,1.1916246705339368,-3.4286221349493574e-05,5.834609311860631,1779463680.6266117,None,None,None, None, 1779463680.6346338,1.0377050091481184
1779463680.8706384,55.64530849456787,-96.2267958230459,84.84368203286681,0.2,5.474851696464982,3.0869671511650623,1.2643402980404532,3.8756074241453716e-05,5.8346181856468755,1779463680.8555768,3.0773905708478706,1.2707773912926659,5.450171688175704, 1779463680.683613, 1779463680.821888,0.9924013430837663
1779463681.0827956,55.857465744018555,-96.39683654266565,84.66685537848558,0.2,5.475374618768803,3.0969197193393736,1.253930940769143,-3.1640489349495646e-05,5.834613300796909,1779463681.0099628,None,None,None, None, 1779463681.0387044,1.049705751891273
1779463681.27626,56.05093002319336,-96.54873822710735,84.5087158164921,0.2,5.475934672132643,3.1127667641231422,1.2373763323737617,1.917884719256554e-05,5.834618020655352,1779463681.25606,None,None,None, None, 1779463681.279781,1.0329168692787953
1779463681.4712634,56.245933532714844,-96.7011057957013,84.34992427224815,0.2,5.476516446306443,3.133181211673527,1.2160763713639042,3.4313907171284e-05,5.83462331085621,1779463681.4102306,None,None,None, None, 1779463681.4426138,0.970946386757522
1779463681.669863,56.44453310966492,-96.85623160072409,84.18808613241805,0.2,5.477107936722664,3.156733133307686,1.191533154671287,-2.08391753993919e-05,5.834619088580867,1779463681.612843,None,None,None, None, 1779463681.6278887,0.9188487226865285
1779463681.8702674,56.64493751525879,-97.8227509090683,83.17581694302483,0.2,5.470628758722317,3.0246520347791175,1.2643109030722794,4.3103654995484524e-05,5.834628107793436,1779463681.8220878,3.014396381751755,1.2707748543209376,5.4501779070453935, 1779463681.686834, 1779463681.8135507,0.9402535425845995
1779463682.0710015,56.84567165374756,-97.97428319543735,83.01649522857765,0.2,5.4713551144271255,3.0336682072831085,1.2548045693298135,-2.7406451392508405e-05,5.834623075839677,1779463682.0056925,None,None,None, None, 1779463682.0157197,0.9648918642010432
1779463682.270619,57.045289039611816,-98.12398140539344,82.85893698692323,0.2,5.472098058048746,3.0486558054842483,1.239027267181548,2.0359463523353228e-05,5.834627682967863,1779463682.2319818,None,None,None, None, 1779463682.2048748,1.0788785722279817
1779463682.4705992,57.24526929855347,-98.27361307970307,82.70128474083737,0.2,5.472847206580319,3.0683627184100253,1.2183147162036345,-4.270650367010575e-06,5.834626744246349,1779463682.4517894,None,None,None, None, 1779463682.4690807,1.0010702644141884
1779463682.6702888,57.44495892524719,-98.422602499159,82.54414597207818,0.2,5.473604265212641,3.0913838747692584,1.1941565776494087,-5.042791400717952e-06,5.8346259588927225,1779463682.6075273,None,None,None, None, 1779463682.6075273,0.9566049021587365
1779463682.8710308,57.64570093154907,-99.30754524292423,81.60742851124104,0.2,5.468164224513193,2.9675457076936644,1.2644831402499084,3.083295503297836e-05,5.834632749708044,1779463682.8277726,2.957850966495145,1.270773447565859,5.45018065824429, 1779463682.692864, 1779463682.8678155,1.040167194223263
1779463683.071047,57.84571719169617,-99.44987965152984,81.45622573522351,0.2,5.4690819454399895,2.9772025525424706,1.2542546884242043,-2.179836063709707e-05,5.834627468406286,1779463683.0700524,None,None,None, None, 1779463683.0222692,0.940644537511263
1779463683.2708302,58.0455002784729,-99.59194666442995,81.30515691691112,0.2,5.469994523677634,2.9927005620046234,1.23787149592739,-1.2173473350400846e-06,5.834627267951808,1779463683.2347174,None,None,None, None, 1779463683.246285,0.9311796986125574
1779463683.4705544,58.245224475860596,-99.73386488728626,81.15409636436124,0.2,5.470905325478306,3.0127611975913364,1.2167055451327737,9.55086865573981e-06,5.834629138832279,1779463683.4306033,None,None,None, None, 1779463683.4610207,0.9509636935663129
1779463683.6706257,58.44529581069946,-99.87598905109326,81.00266617325536,0.2,5.471816405312999,3.0359945584531562,1.1922381956083008,-1.1440711825207468e-05,5.834626875811285,1779463683.6284075,None,None,None, None, 1779463683.6364806,1.0127019401479576
1779463683.8706443,58.64531445503235,-100.77072788716067,80.04586968165493,0.2,5.466955614131629,2.9073519014930267,1.264352419194511,1.3157485849533568e-05,5.8346295002038016,1779463683.8278675,2.8973373189836886,1.2707721344264757,5.450183638942969, 1779463683.701036, 1779463683.8374474,0.9617398372621518
1779463684.071048,58.84571814537048,-100.9045419986633,79.90225717610691,0.2,5.4680557119978355,2.9165785643997717,1.2545593217582205,5.680964611855209e-06,5.834630302552773,1779463684.0805795,None,None,None, None, 1779463684.0760586,0.9677007361768545
1779463684.2700453,59.0447154045105,-101.03763629466329,79.75928312284199,0.2,5.469134922710038,2.931704201174817,1.2385424176048163,5.835604605545991e-08,5.834630309058151,1779463684.0805795,None,None,None, None, 1779463684.0760586,0.9677007361768545
1779463684.4706144,59.24528455734253,-101.12404633812461,79.66638707613104,0.2,5.471453944043669,2.9514783114533483,1.2176499922660202,5.835604605545991e-08,5.834630309058151,1779463684.0805795,None,None,None, None, 1779463684.0760586,0.9677007361768545
1779463684.6699035,59.444573640823364,-101.17099082613245,79.61589521911235,0.2,5.474763186752993,2.974548940333997,1.1934116070971923,5.835604605545991e-08,5.834630309058151,1779463684.0805795,None,None,None, None, 1779463684.0760586,0.9677007361768545
1779463684.8703403,59.645010471343994,-101.18298808251419,79.60298871154932,0.2,5.479006442505943,2.9997639069853292,1.1671198736259791,5.835604605545991e-08,5.834630309058151,1779463684.0805795,None,None,None, None, 1779463684.0760586,0.9677007361768545
1779463685.07054,59.84521007537842,-101.16117084522706,79.62645862833266,0.2,5.484127159804918,3.0263148216436573,1.139693349626362,5.835604605545991e-08,5.834630309058151,1779463684.0805795,None,None,None, None, 1779463684.0760586,0.9677007361768545
1779463685.27023,60.0449001789093,-156.85783524688685,72.24022988264807,0.2,5.478546900939883,3.0537031950824307,1.1117131035508345,5.138412911281772e-11,5.834630309068428,1779463685.2506762,None,None,None, None, 1779463685.2431443,0.9827878848478305
1779463685.4708672,60.24553728103638,-156.80164846483842,70.33415040722487,0.2,5.476466886501107,3.0843338373034896,1.080096969203142,9.960111523366074e-11,5.8346303090885066,1779463685.4522648,None,None,None, None, 1779463685.4341605,0.9429225632856632
1779463685.6710396,60.44570970535278,-156.7345090217436,67.00423615571259,0.2,5.46696315388992,3.116471094222504,1.0468362590764873,-0.048664087965473564,5.824398967878518,1779463685.662509,None,None,None, None, 1779463685.6526427,0.9853484139644797
1779463685.8704727,60.645142793655396,-156.56448930980437,62.840270530680215,0.2,5.45416122184025,3.1487747508804365,1.0126610229345614,-0.08550176621735854,5.813705396546189,1779463685.7875774,None,None,None, None, 1779463685.8367682,1.0735670925255452
1779463686.0701458,60.84481596946716,-163.6515111943441,80.6944121646862,0.2,5.731716297415429,0.06136867529206658,0.9996014373942375,-0.10727076392392217,5.784146540290263,1779463686.063131,0.025445270167073552,0.9998505373185294,6.257438502195055, 1779463685.924103, 1779463686.0275402,1.081222550044826
1779463686.2700706,61.04474067687988,-165.27780749777784,76.83733579144959,0.2,5.722728227882633,0.26357659502451725,0.8752817409343834,-0.09165547891565662,5.766699018826824,1779463686.253491,None,None,None, None, 1779463686.2459803,1.0571806903259378
1779463686.470103,61.244773149490356,-165.1959522724221,78.0246846537544,0.2,5.715062481777362,0.11281820051945601,0.9700841812077101,-0.06427069443566584,5.754387399290304,1779463686.4450498,None,None,None, None, 1779463686.4525802,0.9638684142766202
1779463686.6708806,61.44555068016052,-150.00874790749697,19.187560962810956,0.2,5.705603892621146,0.1884399526166618,0.9217680948230793,-0.08296614106622514,5.738522293563989,1779463686.6362736,None,None,None, None, 1779463686.642803,0.9208298462609793
1779463686.8700902,61.64476037025452,-165.48540642544714,78.19181294934164,0.2,5.690063855441246,0.22196577598586487,0.8999078290852651,-0.13789995550967984,5.708083364218356,1779463686.8570056,None,None,None, None, 1779463686.8720953,0.9521685204465143
1779463687.0713573,61.84602737426758,-157.51267950331163,89.50118752564116,0.2,5.828420394239319,0.15447593253223907,0.9875379704199378,-0.08290553846611354,5.692636853405184,1779463687.0433202,0.1484100223080368,0.9940899816746401,6.165400418641505, 1779463686.932277, 1779463687.0035768,1.0860304171745911
1779463687.2707236,62.04539370536804,-158.12052446872494,88.67347411925047,0.2,5.81950971489684,0.1825007970699275,0.9737657529349466,-0.0727559347213166,5.676677172718291,1779463687.2626793,None,None,None, None, 1779463687.2626793,1.021033915084399
1779463687.4710395,62.24570965766907,-158.69884919414008,87.8808968193614,0.2,5.811035578798267,0.21822879912163184,0.9558166130887074,-0.06509870331399906,5.6672349130387545,1779463687.4077246,None,None,None, None, 1779463687.4159677,0.9269818329589627
