EpochTime(s),TimeFromStart(s),right_prop_rate(rad/s),left_prop_rate(rad/s),LastDT(s),Yaw(rad),North(m),East(m),IMUSensedYawRate(rad/s),IMUIntegratedYaw(rad),IMUSensedTimeStamp(s),ARUCOSensedNorth(m),ARUCOSensedEast(m),ARUCOSensedYaw(rad),ArucoSensedTimeStamp(s),DepthTimeStamp(s),Depth(m),NavigationMode,APFEncounter,APFSide,APFDCPA(m),APFTCPA(s),APFForceX,APFForceY,NearestObstacleNorth(m),NearestObstacleEast(m),NearestObstacleDistance(m)
1781800987.4678607,2.2012877464294434,-200.0,-200.0,0.2,6.283185305606354,-5.4726543267565595e-05,1.0000000005715417,1.239962534853351e-12,6.283185305606568,1781800987.4753685,-5.4726543267565595e-05,1.0000000005715417,6.28318530560632, 1781800987.229714, 1781800987.4214356,0.951984419644806,apf_guard,none,0.0,nan,nan,7.232633415152994,0.001088442331907453,1.1150774612669438,0.9940944500779356,1.1151056418340834
1781800987.481376,2.2148029804229736,-200.0,-200.0,0.2,0.00854289545574942,0.007482786802422082,1.000062557251189,2.0471627519390647e-12,6.283185305606773,1781800987.4753685,None,None,None, None, 1781800987.482369,1.0206055804613376,apf_guard,none,0.0,nan,nan,12.09655560099404,4.27768399593761,1.1150774612669438,0.9940944500779356,1.1151056418340834
1781800987.6826205,2.4160475730895996,200.0,200.0,0.2,-0.0013340351334768796,0.022201381657831774,1.0003599419061555,-0.18216042627426088,6.2477102446213335,1781800987.6701148,None,None,None, None, 1781800987.666114,1.0225158077021888,apf_guard,none,0.0,nan,nan,12.048621046099939,4.396113856085045,1.121300916760967,1.0095661450877533,1.113858199119568
1781800987.882299,2.6157259941101074,200.0,200.0,0.2,6.280873465400791,0.043110669518762225,1.0001101585447743,0.07117450038678308,6.261479475923915,1781800987.8635721,None,None,None, None, 1781800987.8540602,1.0657163168356591,apf_guard,none,0.0,nan,nan,12.041508953188103,4.405738336206225,1.1286239604614543,1.0164476633504824,1.1065399878423718
1781800988.0820189,2.815445899963379,200.0,200.0,0.2,6.289270707186336,0.06883617700854483,0.9997713769373604,0.15423542869179518,0.009431140178016939,1781800988.0654516,None,None,None, None, 1781800988.0654516,1.0271082961069702,apf_colreg,static_obstacle,-1.0,0.00016531255952287248,8.512430733747289,12.068003418278423,4.308767602139678,1.1381344760491885,0.9918012490594935,1.0950553657019133
1781800988.2819748,3.015401840209961,-200.0,-200.0,0.2,6.3184222983876355,0.04048799777675008,0.9995906102966132,0.3340717603979695,0.07133220560282438,1781800988.2507443,0.03870036920892757,0.9995864847403846,0.03267833899846728, 1781800988.236417, 1781800988.257271,0.9566017891687668,apf_guard,none,0.0,nan,nan,12.186276447846932,3.956329389230461,1.1507779568269985,0.9663394774534706,1.0824571587589213
1781800988.4821572,3.2155842781066895,-200.0,-200.0,0.2,0.051461816834773175,0.06380441143240072,1.0008273535319572,-0.05659440885890213,0.059998613589597946,1781800988.4510043,None,None,None, None, 1781800988.4866877,0.9971829496562477,apf_colreg,static_obstacle,-1.0,0.009508756181737318,9.146294473949446,12.240084922172096,3.7492386814428706,1.1085657813114684,0.9865402859219586,1.0681217121458528
1781800988.6816826,3.415109634399414,195.32099557035247,200.0,0.2,0.055455315448057055,0.09122690296934118,1.0026655720003181,-0.12641871896275353,0.03924788513722728,1781800988.6831694,None,None,None, None, 1781800988.6831694,0.9223392715818804,apf_colreg,static_obstacle,-1.0,0.005938377690125802,7.663459883114061,12.250239735426941,3.682634143086822,1.1170573006725206,1.0272891131855248,1.0535966426890677
1781800988.883758,3.617185115814209,186.42485305310876,200.0,0.2,0.06151535592411014,0.12176116157803221,1.0042050148975217,0.10587899161114996,0.0671410393310175,1781800988.8785908,None,None,None, None, 1781800988.887712,0.9224524078316957,apf_colreg,static_obstacle,-1.0,0.009200669853530494,6.798137836296078,12.265112224102648,3.595710313529838,1.1301504855095332,1.0384334110066205,1.0395376106675231
1781800989.082,3.81542706489563,170.19234594389198,200.0,0.2,0.07192308664019985,0.15472999066343962,1.0060222578506335,0.15154080531064093,0.09751044821236972,1781800989.078995,None,None,None, None, 1781800989.023643,0.9391646320885608,apf_colreg,static_obstacle,-1.0,0.001322627247020928,6.259935414500858,12.296609990517826,3.4570971313021674,1.1550444343210575,1.035188574930827,1.0337419756546014
1781800989.2818327,4.015259742736816,158.84711413973977,200.0,0.2,0.08138362173912222,0.13497006751854765,1.001714674976126,0.19832637630357025,0.13475858671690516,1781800989.2668073,0.13148651749606616,1.0012923278654475,0.06754485961869072, 1781800989.240249, 1781800989.230735,0.9473282557105371,apf_colreg,static_obstacle,-1.0,0.0006685258770991985,8.123638072982052,12.322297369777765,3.3716655168785645,1.1749652539058697,1.0151303249135748,1.020245364073888
1781800989.4822924,4.21571946144104,144.76470884846563,200.0,0.2,0.0890744249250541,0.16567621098864427,1.004151009341622,0.11419385397486714,0.1560882293020359,1781800989.4535918,None,None,None, None, 1781800989.486849,1.022963272729832,apf_colreg,static_obstacle,-1.0,0.037957302175254934,6.53069727864848,12.332112950401946,3.2685416915162557,1.1424325970433706,0.9939296723518856,1.007389946132036
1781800989.6816716,4.415098667144775,-200.0,60.60303914911744,0.2,0.10184266977354889,0.20074289228642195,1.0071470750655438,0.16713270353943455,0.19052049008437913,1781800989.6596093,None,None,None, None, 1781800989.674641,0.9791331972638044,apf_colreg,static_obstacle,-1.0,0.06569113144544066,5.640802772196739,12.35842174248538,3.0983047360665292,1.160790823069592,0.9781619617154571,0.9952418672319344
1781800989.8822331,4.615660190582275,-200.0,60.60303914911744,0.2,0.10898537484030903,0.24609589026212886,1.0122007298771787,-0.013977203095483642,0.18744389544225415,1781800989.8797245,None,None,None, None, 1781800989.8797245,1.043701386790474,apf_colreg,static_obstacle,-1.0,0.10242562261217342,4.2800711846254575,12.359672168123996,2.9884436229124507,1.1823553454281872,0.9685007978178923,0.9824427404347497
1781800990.082445,4.815871953964233,-200.0,60.60303914911744,0.2,0.10732993305679883,0.2965741511917498,1.0181693385524353,-0.0878059394500814,0.17118820391798978,1781800990.0648565,None,None,None, None, 1781800990.0734756,1.0890254450375703,apf_colreg,static_obstacle,-1.0,0.10955030079295523,3.772065570303207,12.335821336711646,2.9703829029883093,1.2109367074560857,0.9864129912197488,0.9652320364884225
1781800990.282371,5.015798091888428,-200.0,-200.0,0.2,0.10558781644643983,0.25963546645011326,1.0133195929443006,-0.09123715447208365,0.15198239118020596,1781800990.2753608,0.253810520057676,1.0126163630900007,0.11335417024834715, 1781800990.244672, 1781800990.255223,1.062779980693858,apf_colreg,static_obstacle,-1.0,0.08447406112926198,5.22282936531976,12.33055848133855,3.0165807371385,1.2441800293115164,1.0112873848349437,0.9475120846411721
1781800990.482432,5.2158589363098145,-200.0,60.60303914911744,0.2,0.09634298548951281,0.29495228359822023,1.017332455691848,-0.18791429024295592,0.11373080566717148,1781800990.4789195,None,None,None, None, 1781800990.472717,0.9213542767188522,apf_colreg,static_obstacle,-1.0,0.08220679432124894,5.232578546214609,12.289326744001675,3.1050183098221567,1.1933698537142203,1.0195930733932117,0.9336378932189111
1781800990.6818793,5.415306329727173,142.0553150003201,200.0,0.2,0.08429506632563241,0.34058860994221085,1.0217814889082213,-0.12677989711731705,0.09804445697420322,1781800990.6870415,None,None,None, None, 1781800990.6870415,1.015888067423121,apf_colreg,static_obstacle,-1.0,0.0771198515267031,4.015492258815849,12.236269994858532,3.2239253033966664,1.2186460604648996,1.0342807746260267,0.9237102067465932
1781800990.882416,5.615843057632446,152.24411546841222,200.0,0.2,0.07775290783676292,0.3836783259060671,1.0249053037269296,0.04289303931421182,0.10802010870399523,1781800990.835219,None,None,None, None, 1781800990.844242,1.0964544312252673,apf_colreg,static_obstacle,-1.0,0.0807745800920894,4.205072081028409,12.201932594921209,3.288512693495471,1.2525383457909243,1.027599668641559,0.9117489133803598
1781800991.0823658,5.815792798995972,-200.0,-200.0,0.2,0.08171827041270699,0.42514120723685056,1.027634282378243,0.13513695492604627,0.13680312820380697,1781800991.0482104,None,None,None, None, 1781800991.0482104,0.9421666153188166,apf_colreg,static_obstacle,-1.0,0.09246282140773354,4.317302420446308,12.20086838177902,3.2318104697874817,1.285264470521705,1.0062062197984545,0.9015889328940525
1781800991.2817216,6.015148639678955,-200.0,-200.0,0.2,0.08147201092981418,0.38035587497818923,1.0244953580545582,-0.06700363617740111,0.12384642044493684,1781800991.2415836,0.3749562907595795,1.024069120824811,0.08322137034253174, 1781800991.251111, 1781800991.2761662,0.9810795948890187,apf_colreg,crossing_from_starboard,-1.0,0.0648911798509675,26.180913273996563,12.212912458885452,3.2563249551627425,1.3229501818865412,1.003294426738632,0.8979021117192169
1781800991.4817965,6.215223550796509,-200.0,-200.0,0.2,0.0745180862388681,0.40738388888570287,1.0269613060552123,-0.18061686385129072,0.08809720839517751,1781800991.439512,None,None,None, None, 1781800991.4737484,1.0352230363138006,apf_colreg,overtaking,-1.0,0.07776141176000703,13.132518560463565,12.179984483157241,3.3236665040588544,1.2718290129027383,1.0140047183060144,0.8912689554220704
1781800991.6824489,6.4158759117126465,170.39049663325906,200.0,0.2,0.06522428372737095,0.43737989859872317,1.0293838913002555,-0.14829542960314213,0.05799195317321853,1781800991.6425207,None,None,None, None, 1781800991.674464,1.0333269138786583,apf_colreg,overtaking,-1.0,0.004590559635901318,10.293250421045139,12.142499550884462,3.4154337541373927,1.2932193058157129,1.033270137951205,0.8854719329915391
1781800991.8827066,6.616133689880371,151.52339752974183,200.0,0.2,0.06193068761453298,0.4708731820291201,1.0312186340848504,0.05997293730933475,0.06977485179653747,1781800991.838991,None,None,None, None, 1781800991.8575752,0.9005768194061079,apf_colreg,overtaking,-1.0,0.6094489186524318,4.5,11.991852550924246,3.226630944658303,1.3174887398357067,1.045710636479254,0.8799300169649441
1781800992.0822315,6.8156585693359375,137.12407939220512,200.0,0.2,0.06811110183385932,0.5073641924607359,1.0330946373203722,0.14253526019722737,0.09997287342693437,1781800992.0508544,None,None,None, None, 1781800992.0508544,0.979569946429745,apf_colreg,overtaking,-1.0,0.5715097556613822,4.0,11.977685040223744,3.122271662197587,1.3448465574180795,1.0265548469048962,0.8736445699912205
1781800992.2818844,7.0153114795684814,-200.0,-200.0,0.2,0.07583891505419044,0.4792507607648651,1.0301294322783683,0.1460387839248067,0.1311425124519012,1781800992.2642884,0.4748951749074211,1.0297819423233074,0.06948428982784449, 1781800992.254762, 1781800992.2724817,1.0425071038820968,apf_colreg,crossing_from_starboard,-1.0,0.011877116202965525,17.81240946405841,12.15540017012178,3.28973199450541,1.3734125487856181,1.0116114843687463,0.8660156099397273
1781800992.4822867,7.215713739395142,-200.0,60.60303914911744,0.2,0.08007169115578658,0.5087329592921195,1.0326800225832249,-0.07079059958558147,0.11730140476706374,1781800992.4598103,None,None,None, None, 1781800992.441164,1.0689188443378626,apf_colreg,overtaking,-1.0,0.5929887973912561,5.5,12.046584938662374,3.0292513069989004,1.3372450396181654,1.002283459492763,0.8581268779757174
1781800992.6822534,7.415680408477783,-200.0,60.60303914911744,0.2,0.07565277820156661,0.5508818738920314,1.0363647450579152,-0.10988670437035374,0.09742066238146714,1781800992.6407306,None,None,None, None, 1781800992.6512623,0.9602747375752986,apf_colreg,overtaking,-1.0,0.4672796461478045,2.5,11.572399418263128,3.1140856112886848,1.3579907600541528,1.0262958135597346,0.8488913541756407
1781800992.8824587,7.6158857345581055,-200.0,60.60303914911744,0.2,0.06515743004525339,0.6000651840553348,1.0402788121409676,-0.12980127056686913,0.0725524300848808,1781800992.8323176,None,None,None, None, 1781800992.8673868,1.0960953312610793,apf_colreg,overtaking,-1.0,0.45390388595153525,2.0,11.381312834679793,3.216253230216111,1.3872495555743531,1.0393371921331473,0.8358399903038773
1781800993.0829942,7.816421270370483,200.0,200.0,0.2,0.05286324441748075,0.6523078474783772,1.043748343353034,-0.12097605692095316,0.044902867114278586,1781800993.0608716,None,None,None, None, 1781800993.0443776,1.0105383154256458,apf_colreg,overtaking,-1.0,0.4903430880289979,1.5,10.934576835487515,3.3382349907939286,1.4220705511883376,1.0472565980271016,0.8212845837681213
1781800993.2824311,8.015858173370361,-200.0,-200.0,0.2,0.03885461619568928,0.6071895554922606,1.0365249191957002,0.07858299717128912,0.0612390581263176,1781800993.2687562,0.6014679852675585,1.0359425665273618,0.006339870977975615, 1781800993.255684, 1781800993.2287796,0.9794854141220044,apf_colreg,crossing_from_starboard,-1.0,0.14789196945828198,18.29523208784498,11.941035440691824,3.7017161178641826,1.4620354399124151,1.04076415579335,0.8090028208059635
1781800993.4822953,8.21572232246399,-200.0,-200.0,0.2,0.035427274487920865,0.6367630744888222,1.0378135409679867,-0.0870463858878939,0.045141666253631904,1781800993.453685,None,None,None, None, 1781800993.444464,0.9094822344294182,apf_colreg,overtaking,-1.0,0.5288784213558122,5.0,11.738519980311935,3.631207624926361,1.4125539157611764,1.0181744661005367,0.8048626049604933
1781800993.6815312,8.414958238601685,-200.0,60.60303914911744,0.2,0.02906095701703856,0.6684206290157708,1.0391664473804698,-0.12968475983865851,0.021535123358978253,1781800993.6357152,None,None,None, None, 1781800993.6357152,1.0546201055175344,apf_colreg,overtaking,-1.0,0.5124479824129857,3.0,11.25162350652055,3.644657154952996,1.4353725202310488,1.0332209911481314,0.7978960037231445
1781800993.882389,8.615816116333008,200.0,200.0,0.2,0.019439397616495303,0.7120024890014189,1.0405660241650496,-0.11529550776672323,6.281877383813851,1781800993.8338413,None,None,None, None, 1781800993.8246787,0.9019528922783006,apf_colreg,overtaking,-1.0,0.46958164787571427,2.0,10.95473563831905,3.7267698312752273,1.4598793010495146,1.045645554363752,0.7903191957642699
1781800994.0827973,8.816224336624146,200.0,200.0,0.2,6.299864992147802,0.7513082639188455,1.0408840776036412,0.06726179526306424,0.013203550967675781,1781800994.0495875,None,None,None, None, 1781800994.0888066,0.9933755842856334,apf_colreg,overtaking,-1.0,0.5039564152879106,2.0,10.798700515951131,3.737183264099326,1.4923285760737424,1.0513641670316705,0.779358092533533
1781800994.2825408,9.015967845916748,200.0,200.0,0.2,6.294618573348383,0.7157365213968575,1.0363266064128258,0.1451408874843454,0.04321930705114546,1781800994.2563918,0.7109986669365529,1.0360177527576842,6.262784949032118, 1781800994.256391, 1781800994.282036,1.058000225421611,apf_colreg,crossing_from_starboard,-1.0,0.19329747322725954,22.942221384267132,11.766723687945554,4.0269454287353215,1.5238210567044796,1.0338209821354205,0.7717390773199977
1781800994.4824283,9.215855360031128,-200.0,60.60303914911744,0.2,6.305216798000463,0.7434541698700009,1.036402448670457,0.2049565156611145,0.08398368884733094,1781800994.4552846,None,None,None, None, 1781800994.4763758,0.9755946282604926,apf_colreg,overtaking,-1.0,0.5082076673788037,4.0,11.34982464256048,3.7867903888954535,1.4815100707537374,1.0020365799509485,0.7657961762714813
1781800994.682418,9.415845155715942,-200.0,60.60303914911744,0.2,0.03150766654477444,0.7845382133093389,1.0376389914669746,0.01643836957076133,0.08709422296899669,1781800994.6445086,None,None,None, None, 1781800994.67691,0.965679300896531,apf_colreg,overtaking,-1.0,0.45599593168199204,2.0,10.747057866033263,3.6886476416827154,1.5014658197330364,0.9990996282558041,0.7583230919263976
1781800994.881479,9.614906072616577,-200.0,60.60303914911744,0.2,0.03162026538921405,0.8332514655013421,1.0396314449488049,-0.07900182517068711,0.07200412214675149,1781800994.8355181,None,None,None, None, 1781800994.865699,1.0156541531830305,apf_colreg,overtaking,-1.0,0.44513655820479203,1.5,10.344346431615609,3.6871559222655654,1.530037666636285,1.011882731458114,0.7452281886054931
1781800995.0821733,9.815600395202637,-200.0,60.60303914911744,0.2,0.026857889381704497,0.8853448845064386,1.0416028265715562,-0.09356705729712915,0.053964366979966163,1781800995.088694,None,None,None, None, 1781800995.0695655,0.9665537425538518,apf_colreg,overtaking,-1.0,0.48647769779563166,1.0,9.254188758368855,3.7691237605003742,1.5641563634482394,1.02926706993696,0.7302106976509094
1781800995.2815554,10.014982461929321,-200.0,60.60303914911744,0.2,0.0022637174239501495,0.8437396793497516,1.0364195105934422,-0.1499819256432392,0.018430559891967124,1781800995.265239,0.8375590931346171,1.035975234619404,6.253011964088509, 1781800995.261217, 1781800995.247664,0.9192755739936659,apf_colreg,overtaking,-1.0,0.5087358199439344,2.5,10.833734317329906,4.0176033231811505,1.6009103640652698,1.0388208388337528,0.714489812349268
1781800995.482415,10.215842008590698,-200.0,60.60303914911744,0.2,-0.009865153041666108,0.8896718714534877,1.036539177292454,-0.1300010747381825,6.27657920827322,1781800995.457827,None,None,None, None, 1781800995.4773936,0.9196489847648088,apf_colreg,overtaking,-1.0,0.45084222664872087,1.5,9.893560676909129,4.130525347590498,1.5439158072914858,1.0340346327892151,0.6991746302969513
1781800995.682199,10.415626049041748,-200.0,60.60303914911744,0.2,6.261448704682,0.9406386935159566,1.0360024564862726,-0.10841061013444228,6.255011557898878,1781800995.6567712,None,None,None, None, 1781800995.6567712,0.9992607978451232,apf_colreg,overtaking,-1.0,0.4565815502735403,1.0,8.561813043777626,4.235809054060288,1.5810019227141467,1.0326704858440863,0.6902014715659345
1781800995.8823378,10.615764856338501,200.0,200.0,0.2,6.242123727857346,0.9935919418552185,1.034833543411679,-0.1762301851067646,6.228575626780082,1781800995.889354,None,None,None, None, 1781800995.889354,0.9761852847747882,apf_colreg,overtaking,-1.0,0.4186769009086197,1.0,8.235748048866931,4.368315676944871,1.6158657239906478,1.040946211144987,0.6741395319264489
1781800996.0821645,10.81559157371521,200.0,200.0,0.2,6.240738303357477,1.0365530056406251,1.032396033271168,0.11424381674368106,6.259291258206213,1781800996.0756395,None,None,None, None, 1781800996.0756395,0.9309898729431402,apf_colreg,overtaking,-1.0,0.4621458731717401,1.0,7.484954887303079,4.340812707119583,1.6548453954198052,1.033319619550304,0.6599907638646603
1781800996.2825613,11.01598834991455,200.0,200.0,0.2,6.237281579531542,0.9787764797399756,1.0297066182166807,0.15471495875436483,0.006646329416185814,1781800996.2730372,0.9724792766089468,1.0296698489954643,6.207908438452918, 1781800996.264019, 1781800996.2650058,1.0614330491332042,apf_colreg,crossing_from_port,-1.0,0.5146885560689358,55.297483387971965,11.14853885918779,4.550071418808498,1.6884935587638632,1.0170458299569716,0.6509990534454414
1781800996.482465,11.21589207649231,-200.0,-200.0,0.2,6.2412504427311895,1.004568852605085,1.0283020150066202,0.1331888087710502,0.032931112425760925,1781800996.470387,None,None,None, None, 1781800996.462326,1.0784916494458265,apf_colreg,crossing_from_port,-1.0,0.5340151945729537,2.5,9.739849909135899,4.573464175815968,1.6228726717053292,0.9964572547817617,0.644194167246245
1781800996.6817775,11.415204524993896,-200.0,60.60303914911744,0.2,6.241110804594871,1.0337700980767297,1.0273442867843505,-0.08642525784489857,0.014792004648121342,1781800996.680269,None,None,None, None, 1781800996.680269,1.0448955418253112,apf_colreg,overtaking,-1.0,0.47819962557819184,2.0,9.071843383748647,4.612172753269245,1.642679489015725,0.9916442566088051,0.638519560758461
1781800996.8818173,11.615244388580322,-200.0,60.60303914911744,0.2,6.232397548458109,1.0758148749452388,1.0258179829341878,-0.13010002889459693,6.2729740785400425,1781800996.8724537,None,None,None, None, 1781800996.8130565,1.0803035831453838,apf_colreg,overtaking,-1.0,0.4663566368296306,1.0,7.211676210212984,4.633283755417548,1.6652675898458804,1.003407413802487,0.6312339577042267
1781800997.0821674,11.81559443473816,-200.0,-200.0,0.2,6.221178772827421,1.124981651143497,1.0234284612910773,-0.11969581641099072,6.248423746028475,1781800997.0775597,None,None,None, None, 1781800997.0135455,0.9482675312147091,apf_colreg,overtaking,-1.0,0.48282222079512965,0.5,3.452876630985883,4.643752692880198,1.6945257256894557,1.009027928769999,0.6180979612340294
1781800997.2837706,12.017197608947754,-200.0,60.60303914911744,0.2,6.200728990288608,1.0919399068499076,1.022135803364914,-0.1266675340204885,6.2229416497084795,1781800997.2787328,1.0870813438696558,1.022207217040387,6.170651183221222, 1781800997.267306, 1781800997.2928185,1.0125347592286449,apf_colreg,overtaking,-1.0,0.5018262861830926,2.0,8.686444292204826,4.9184249387602055,1.7315354929793711,1.017810995969745,0.6057431055590534
1781800997.4818811,12.21530818939209,200.0,200.0,0.2,6.190586116744432,1.1329592272693803,1.0188148041644833,-0.12353610619123782,6.200238837655526,1781800997.4625075,None,None,None, None, 1781800997.4793777,1.0158450202088856,apf_colreg,overtaking,-1.0,0.44327675563582136,1.0,6.284233211200042,4.870695837846292,1.6865529433974973,1.0216789742796126,0.5937635120310736
1781800997.6825864,12.416013479232788,200.0,200.0,0.2,6.19139439161682,1.1708970280938327,1.0148165286737576,0.12308286945343841,6.2239952496569355,1781800997.655519,None,None,None, None, 1781800997.6196597,1.0085671839273407,apf_colreg,overtaking,-1.0,0.4880643005311624,0.5,1.1332045879755936,4.487291405905199,1.7547635953022125,1.0087243035453957,0.5831008959719314
1781800997.882346,12.61577296257019,200.0,200.0,0.2,6.197344789614907,1.2073380911276785,1.011096913050123,0.13978776350017447,6.249728831585941,1781800997.8396094,None,None,None, None, 1781800997.8753111,1.0187241581933821,apf_colreg,overtaking,-1.0,0.4754343556781275,0.5,0.08766903889158506,4.4336247115365435,1.7509996797541496,1.0031317392618417,0.5795559920306046
1781800998.0827625,12.816189527511597,200.0,200.0,0.2,6.207488419734669,1.2430013847485855,1.0077429298569907,0.15624163967877508,6.2783148817044765,1781800998.02257,None,None,None, None, 1781800998.0792596,0.9292213033526346,apf_colreg,overtaking,-1.0,0.46758106825389695,0.5,-0.5755891106532438,4.513962063383328,1.7807688196773614,0.9890988007036565,0.5734177474560171
1781800998.2818816,13.015308618545532,-200.0,-200.0,0.2,6.2285915899916064,1.2017451385770097,1.0103048201546645,0.22161176195483837,0.03977714528753129,1781800998.2240374,1.1967656946140952,1.0106598716592243,6.233800710352484, 1781800998.269348, 1781800998.2703464,1.009698887545319,apf_colreg,crossing_from_port,-1.0,0.51717434093325,2.5,8.464998702577796,4.714938066678466,1.8110525848255148,0.9808372218182264,0.5684808976842133
1781800998.482542,13.21596908569336,-200.0,60.60303914911744,0.2,6.2383413908380865,1.2275789443385199,1.0092552476017973,-0.04963823803610508,0.028838529764383378,1781800998.4444041,None,None,None, None, 1781800998.4880571,0.940939621131831,apf_colreg,overtaking,-1.0,0.46654538758914404,1.5,6.292990277764552,4.846793844264568,1.7648647233114467,0.9846963766690993,0.5635453390910627
1781800998.6817803,13.415207386016846,-200.0,-200.0,0.2,6.238007497859804,1.2674102960169542,1.0078615058809275,-0.09490758889218091,0.010921325485782889,1781800998.63319,None,None,None, None, 1781800998.6792548,0.9828347593964855,apf_colreg,overtaking,-1.0,0.46759048754350885,0.5,0.5195650928226021,4.6979296970739854,1.7839483690792135,1.000025548975277,0.5562848184325252
1781800998.8817906,13.615217685699463,200.0,200.0,0.2,6.23173638057662,1.3048953515955708,1.0065317115173247,-0.14093868382641433,6.259732653601278,1781800998.877083,None,None,None, None, 1781800998.8676915,1.053029945491134,apf_colreg,overtaking,-1.0,0.45278326621043424,0.5,-1.055330629864648,4.463245127035921,1.8127917081161924,1.0141823288879108,0.5452412980794833
1781800999.0826297,13.816056728363037,200.0,200.0,0.2,6.224361257875904,1.341123272488045,1.0043453457841134,0.004844709663617119,6.260368333006387,1781800999.0881433,None,None,None, None, 1781800999.0655773,1.0122607813870768,apf_colreg,overtaking,-1.0,0.44186870233211606,0.5,-2.2283318556968466,4.16548622971365,1.8431584442957085,1.0143815694918121,0.538080026432033
1781800999.2820785,14.01550555229187,200.0,200.0,0.2,6.222719622774365,1.305868647003471,1.002703051700367,0.12415306404731406,0.0023514738886873943,1781800999.2877586,1.3012610568040177,1.0027621555694632,6.2104483862059725, 1781800999.276562, 1781800999.2775705,1.0804166807877145,apf_colreg,crossing_from_port,-1.0,0.5018052949229219,2.0,7.2907405423673675,4.435658494354283,1.8736878182058099,1.0032112641409916,0.5325126079327289
1781800999.4851322,14.218559265136719,200.0,200.0,0.2,6.223826120093677,1.3326667819852853,1.0008081270861404,0.12081733109954651,0.028624976791958273,1781800999.4906526,None,None,None, None, 1781800999.4906526,1.0276580618558482,apf_colreg,overtaking,-1.0,0.4692084178055218,1.0,3.0614630339145927,4.554035005353223,1.8325937141777704,0.9831708404163887,0.5270438102983143
1781800999.6824162,14.41584324836731,200.0,200.0,0.2,6.232567708274777,1.3625085115778404,0.9987704441453404,0.1662427892393348,0.059350236032288464,1781800999.6937146,None,None,None, None, 1781800999.6937146,1.0917995901911397,apf_colreg,overtaking,-1.0,0.46445725976624486,0.5,-2.996809925249255,4.3486117351814535,1.8835710847022502,0.9723556661951643,0.5217316508293152
1781800999.882046,14.61547303199768,-200.0,-200.0,0.2,6.243784951691779,1.394335148782148,0.9969579548231136,0.15735235498558048,0.09444713456369801,1781800999.836348,None,None,None, None, 1781800999.836348,0.9416284650876241,apf_colreg,overtaking,-1.0,0.4429221336664893,0.5,-3.876421686381831,4.694528515393208,1.8810619582077723,0.9676316502685787,0.5194864209066345
1781801000.081873,14.815299987792969,-200.0,-200.0,0.2,6.239413838275787,1.4274074100470633,0.9960293830919129,-0.13154402974874957,0.06546667295260764,1781801000.056658,None,None,None, None, 1781801000.0474548,1.0079972108799944,apf_colreg,overtaking,-1.0,0.43208587947997845,0.5,-4.160310703461291,4.955991410144297,1.9231809523367003,0.9685225259071171,0.5296047911019351
1781801000.2820325,15.015459537506104,-200.0,-200.0,0.2,6.233145444719112,1.461200006844036,0.9948542067262436,-0.12715398604857833,0.03929761754819454,1781801000.262464,None,None,None, None, 1781801000.240895,1.0193878916222505,apf_colreg,overtaking,-1.0,0.4314691497843109,0.5,-3.8555928326656836,5.034819345900526,1.965973806412017,0.9721824659203728,0.5389544138966482
1781801000.481766,15.215193033218384,-200.0,-200.0,0.2,6.227718625582109,1.3691587710169753,1.0095577367931718,-0.16615847190389743,0.007358878321429882,1781801000.4546826,1.3634651963873048,1.0102858066873313,6.245201563867885, 1781801000.281039, 1781801000.462688,1.0185734587667028,apf_colreg,crossing_from_port,-1.0,0.5421606204986563,0.0,10.374825410238572,4.9455476617123475,2.0031642985557876,0.9802650008236607,0.5418632082933086
1781801000.6826277,15.416054725646973,200.0,200.0,0.2,6.210571391586093,1.388671692051405,1.008588791121692,-0.2423380583996162,6.243550649714575,1781801000.6485999,None,None,None, None, 1781801000.6841471,0.9911104484012355,apf_colreg,crossing_from_port,-1.0,0.5190659596046054,2.5,7.860335485699045,4.861082312933904,1.9105925262430872,1.0022147734177027,0.5408970436398906
1781801000.8819597,15.615386724472046,200.0,200.0,0.2,6.199363558243161,1.4132467925122696,1.006430709129891,0.031336483706260014,6.24944739884767,1781801000.836775,None,None,None, None, 1781801000.868581,0.9630602005456909,apf_colreg,crossing_from_port,-1.0,0.504168991370919,1.0,3.5015706583785713,4.740202140537479,1.927243604797159,0.999662471646732,0.5379665068591087
1781801001.0814288,15.814855813980103,200.0,200.0,0.2,6.198893970324212,1.441505894729142,1.0036285196359396,0.12390269788755927,6.278893455605485,1781801001.0744298,None,None,None, None, 1781801001.063875,0.9264811785965424,apf_colreg,overtaking,-1.0,0.4910009959907835,0.5,-1.7621715832476958,4.603364550051076,1.9471869972959437,0.9788701260978675,0.5340443008727136
1781801001.2829096,16.016336679458618,200.0,200.0,0.2,6.2066799711841005,1.4722751600025015,1.0006787423457788,0.16223157264833443,0.027088902340842935,1781801001.2678616,None,None,None, None, 1781801001.2879198,0.9944010989190515,apf_colreg,overtaking,-1.0,0.46020547433319725,0.5,-3.008808145541378,4.782616880187181,1.9701885422628433,0.9661489206514282,0.5297156313389612
1781801001.481634,16.21506094932556,-200.0,-200.0,0.2,6.22398331468402,1.4498885003512791,1.0154526035190443,0.17863059145439028,0.06309198445273782,1781801001.469412,1.4463501112781143,1.0165836244464328,6.235770260891434, 1781801001.285918, 1781801001.4876552,1.0852155869169453,apf_colreg,crossing_from_starboard,-1.0,0.4954239615996493,1.0,2.2410038122071976,4.995215080042884,1.9957454662727248,0.9527160729788902,0.5254144542136567
1781801001.6825292,16.415956258773804,-200.0,-200.0,0.2,6.234050026873508,1.4764267305758378,1.0141841380183316,-0.019303129508877276,0.06046121934414531,1781801001.6838465,None,None,None, None, 1781801001.694206,0.9064929654326966,apf_colreg,overtaking,-1.0,0.4798693518226223,0.5,-3.144815377060593,5.3023048954983265,1.9708311824329958,0.9693169931557652,0.5226879775524139
1781801001.881973,16.615400075912476,-200.0,-200.0,0.2,6.241285345419528,1.5061222383301074,1.0131291614475377,-0.05715416467140962,0.04849412188842871,1781801001.8824768,None,None,None, None, 1781801001.883056,1.0248852554401238,apf_colreg,static_obstacle,-1.0,0.4493083211349352,0.5,-4.24185715599464,5.2580316611537095,1.9975894016040834,0.9808152790369427,0.5220126420982777
1781801002.082357,16.815783977508545,200.0,200.0,0.2,6.235662086673265,1.537866900994776,1.0122193910174588,-0.1653424293899713,0.02340903088279285,1781801002.0341928,None,None,None, None, 1781801002.0266695,1.0993661998515005,apf_colreg,static_obstacle,-1.0,0.4315907649908279,0.5,-4.762474916591229,4.968058324836574,2.037751995066587,0.9930913166023443,0.5318511238199993
1781801002.2816315,17.015058517456055,200.0,200.0,0.2,6.233282454304966,1.570824618177888,1.0103897576695742,0.04290643829363586,0.03240241350209238,1781801002.2437973,None,None,None, None, 1781801002.23566,0.9088743086102447,apf_colreg,static_obstacle,-1.0,0.42312952300646306,0.5,-4.884752338281697,4.507001500117885,2.0735200088114976,1.0043872029852576,0.5356270763997053
1781801002.4824502,17.215877294540405,200.0,200.0,0.2,6.236460008826552,1.5144508010975428,1.0033120253624805,0.12948789505994113,0.06009429792409923,1781801002.4576542,1.5086054532544435,1.0029855923307798,6.23138340836257, 1781801002.288179, 1781801002.4376678,1.065077974257132,apf_colreg,static_obstacle,-1.0,0.5200851106636302,2.0,6.15301552295896,3.9333975428971493,2.1060723062292457,0.9937450459730321,0.5354841578471233
1781801002.6825037,17.41593074798584,200.0,200.0,0.2,6.240744320226837,1.5371999901045943,1.0020471753462852,0.14016106640086484,0.08913925355927506,1781801002.6648798,None,None,None, None, 1781801002.6764665,0.9769586947827026,apf_colreg,static_obstacle,-1.0,0.4814515869443821,1.0,2.1869057085483536,4.427080798346647,2.0468936553841504,0.9784548049394607,0.5330228865146637
1781801002.8818066,17.615233659744263,-200.0,-200.0,0.2,6.25451691275805,1.5642543365768526,1.0006993708331036,0.20128783437750716,0.12938286472192473,1781801002.8648105,None,None,None, None, 1781801002.8738008,0.9477105677484342,apf_colreg,static_obstacle,-1.0,0.4819240262180845,0.5,-2.6060434340159198,4.600973918006615,2.0653537826174055,0.9671908469824797,0.5292724905020789
1781801003.0827723,17.81619930267334,-200.0,-200.0,0.2,6.26462766660692,1.594298732305684,1.0002146871805584,-0.01331204012921581,0.1274400317168068,1781801003.010756,None,None,None, None, 1781801003.010756,1.0256988291227511,apf_colreg,overtaking,-1.0,0.4596175874321873,0.5,-3.1380408201713443,4.793499607700015,2.0882925066615896,0.9710217194080955,0.5247559324626212
1781801003.2819512,18.01537823677063,-200.0,-200.0,0.2,-0.019663584384616885,1.626255333105835,1.0000831852170988,-0.12730933538245484,0.09997629304055908,1781801003.2264805,None,None,None, None, 1781801003.236632,0.9990682727603889,apf_colreg,overtaking,-1.0,0.44192181671716946,0.5,-3.808896974458418,4.746363744630653,2.114075430232497,0.9858187723807673,0.519927036776567
1781801003.4827712,18.216198205947876,200.0,200.0,0.2,0.0019357590412650517,1.5998377099872148,0.9943323628453086,0.07504330757414801,0.11547774974361925,1781801003.4330473,1.5959619013213369,0.9939771324164033,0.01245772956886615, 1781801003.293932, 1781801003.4566672,1.0372873940280873,apf_colreg,crossing_from_starboard,-1.0,0.4897703632051225,1.5,5.470003298208788,4.260773154198421,2.1476171108743918,0.994907795680148,0.5213473200798034
1781801003.683608,18.41703510284424,200.0,200.0,0.2,0.01853240269159329,1.6263647114490165,0.9943981761254115,0.1668276471107036,0.14895640668200874,1781801003.6337254,None,None,None, None, 1781801003.6811028,1.0676529794096534,apf_colreg,overtaking,-1.0,0.4878099921998569,0.5,-2.1136532523594695,4.236068713445146,2.133458602422383,1.000782076565881,0.5333867666591806
1781801003.8824368,18.615863800048828,200.0,200.0,0.2,0.032108114776396676,1.656000712491369,0.9949100630318206,0.1427477367161186,0.1840303256304469,1781801003.879431,None,None,None, None, 1781801003.8615196,1.0268820945690025,apf_colreg,overtaking,-1.0,0.4596672328959812,0.5,-2.918702089364415,4.157655411546553,2.1632393798282106,1.0047606271405605,0.5365828407838344
1781801004.081854,18.81528115272522,200.0,200.0,0.2,0.04522875913069753,1.6876594727689174,0.9958257584323684,0.1487986104082196,0.20532585811073056,1781801004.0878823,None,None,None, None, 1781801004.0733411,0.9501917575103607,apf_colreg,overtaking,-1.0,0.4514366075936431,0.5,-2.6986707943131085,4.0217460434200465,2.195965181248403,1.0025464232523498,0.5392619963346735
1781801004.2828643,19.01629137992859,200.0,200.0,0.2,0.061298815133893236,1.7205627646546802,0.9971839526066235,0.1778407758238954,0.24060964129977883,1781801004.2888618,None,None,None, None, 1781801004.2209485,1.0949410202875047,apf_colreg,overtaking,-1.0,0.4473807946034746,0.5,-2.4790889405433187,4.028098256277466,2.226647019236337,0.997829887573517,0.5379613525087983
1781801004.481945,19.21537208557129,-200.0,-200.0,0.2,0.0679591578645387,1.6558842946447783,0.9769639160632057,-0.05851925174462182,0.22879927800575825,1781801004.4871156,1.6494868151238373,0.9755207541345514,0.11438833685173312, 1781801004.301459, 1781801004.4366405,1.037556057027014,apf_colreg,crossing_from_starboard,-1.0,0.537832424750712,0.0,10.861074087788168,3.6179442624095652,2.258391199505997,0.995112291772168,0.5367106797845348
1781801004.6822019,19.415628910064697,-200.0,-200.0,0.2,0.06031351561708986,1.6769919507780053,0.9784926024260963,-0.12639122139326897,0.19803883667780675,1781801004.6661434,None,None,None, None, 1781801004.6369762,1.0496394263729163,apf_colreg,crossing_from_starboard,-1.0,0.5141091403313786,2.5,8.859702158897061,3.848126221489662,2.208455914271355,0.9727846529648579,0.5519035013773261
1781801004.8818247,19.615251779556274,-200.0,-200.0,0.2,0.05147419263167598,1.7028149399904098,0.980194634548921,-0.13643286553100606,0.17751020375847615,1781801004.8823314,None,None,None, None, 1781801004.8873384,1.0877609467786555,apf_colreg,crossing_from_starboard,-1.0,0.4995965555311619,1.0,4.563966292448958,4.076245582273722,2.237442288425086,0.9832007599655549,0.5599192886241163
1781801005.081772,19.81519913673401,-200.0,-200.0,0.2,0.03274813771205129,1.7319990117728796,0.9818652992520027,-0.22216276964169046,0.13400012525479152,1781801005.012458,None,None,None, None, 1781801005.0716355,0.927356882503473,apf_colreg,crossing_from_starboard,-1.0,0.4778148200029437,1.0,4.817289170042491,4.118857340232117,2.265138715510273,0.9905728764952507,0.5621564419147145
1781801005.2819684,20.015395402908325,-200.0,60.60303914911744,0.2,0.017522588698883526,1.763446519426128,0.9829693076884309,-0.15694258581951084,0.09193896864604731,1781801005.2804615,None,None,None, None, 1781801005.2804615,0.9557487684184715,apf_colreg,overtaking,-1.0,0.4615408137138724,1.0,4.891383160796107,4.148455654402271,2.2930968071808198,0.992371841294584,0.561100866440277
1781801005.482561,20.215988159179688,-200.0,-200.0,0.2,0.008930390273852498,1.704241804286062,0.9935071669256699,-0.09729195040194329,0.07366188724040652,1781801005.4683197,1.6975593474555142,0.9941453648570413,0.0173451323750502, 1781801005.305791, 1781801005.4750555,1.0757025179401056,apf_colreg,crossing_from_port,-1.0,0.1384522232448652,15.153939923126057,10.798643782216864,4.281782641708674,2.318518340594495,0.992744511204154,0.5551577270030975
1781801005.6827269,20.41615390777588,200.0,200.0,0.2,0.00043529043504307585,1.7324637424971672,0.9938723235022815,-0.13160913155844592,0.047563246809127754,1781801005.6666238,None,None,None, None, 1781801005.6786816,0.9354325901149421,apf_colreg,crossing_from_port,-1.0,0.48400126747365974,1.5,7.176348289334824,4.080099025104805,2.2496507135242925,1.0113653086389935,0.5456993167985213
1781801005.882394,20.61582112312317,-200.0,60.60303914911744,0.2,6.279854478776679,1.763256540369993,0.993532124333738,0.0703781222400556,0.06246729293299695,1781801005.8783948,None,None,None, None, 1781801005.7978342,1.0690681794550065,apf_colreg,overtaking,-1.0,0.4614671959313388,1.0,4.455089578084837,4.031116565076339,2.274469509064534,1.012176803799848,0.5423142698493555
1781801006.082618,20.81604504585266,200.0,200.0,0.2,6.276809621810349,1.8063116960811114,0.9934376691595546,-0.03789936143437375,0.0552022571173426,1781801006.0700877,None,None,None, None, 1781801006.0761175,0.944262087537499,apf_colreg,overtaking,-1.0,0.4295056729881713,0.5,-0.6762563763528417,3.9458887768847344,2.2985367891036166,1.0018860376115704,0.5353461315701888
1781801006.2847252,21.018152236938477,200.0,200.0,0.2,6.276465902078016,1.8453610087265666,0.9928282982813164,0.0717815236491792,0.06541121512201432,1781801006.2847252,None,None,None, None, 1781801006.2867246,1.0558761298581445,apf_colreg,overtaking,-1.0,0.4127519577097964,0.5,-3.2158116576859292,3.8573064794706835,2.330072224488158,1.000002633051821,0.5238022836406262
1781801006.482143,21.215569972991943,200.0,200.0,0.2,6.259127163568628,1.812449078395302,0.9983952613187381,-0.10758440888713908,0.04185483572202124,1781801006.4312675,1.8078930562144004,0.9987986738925707,6.270113827979969, 1781801006.31041, 1781801006.4705822,0.938347603919708,apf_colreg,static_obstacle,-1.0,0.4691582626732695,1.0,2.130001161042922,4.187226753695129,2.361008193572989,0.9870038431413298,0.5156711968396551
1781801006.6821823,21.41560935974121,-200.0,-200.0,0.2,6.253522232967224,1.8403832473341353,0.9972162625229473,0.13734696527722137,0.07347555264394784,1781801006.6614926,None,None,None, None, 1781801006.667504,1.0441835129706598,apf_colreg,static_obstacle,-1.0,0.46740501430635994,0.5,-3.3193890234740975,4.275862881138152,2.3417959020917727,0.972939349852085,0.5299160756084774
1781801006.8817885,21.61521553993225,-200.0,-200.0,0.2,6.249985548099128,1.8709894018659465,0.9964362228522843,-0.07297116705189555,0.05872680694051098,1781801006.86361,None,None,None, None, 1781801006.8555331,1.0828952848887334,apf_colreg,static_obstacle,-1.0,0.4465765872787749,0.5,-3.870389622799843,4.650939357602144,2.3761678230957384,0.9607084779628214,0.5369867293161512
1781801007.081406,21.814833164215088,-200.0,-200.0,0.2,6.240417963474793,1.903288039773339,0.995608381935984,-0.153197805034271,0.027347530217505765,1781801007.0684385,None,None,None, None, 1781801007.0448375,1.0702399733292016,apf_colreg,static_obstacle,-1.0,0.43855342027569744,0.5,-3.87059779451139,4.8703065103988585,2.4094974379988754,0.9654179180489473,0.5392367899417877
1781801007.28283,22.0162570476532,-200.0,-200.0,0.2,6.229556891501036,1.936600416074306,0.9943874064476073,-0.1481354900015972,0.0005695133080755033,1781801007.2492056,None,None,None, None, 1781801007.2612083,0.9765857215039789,apf_colreg,overtaking,-1.0,0.43607833922580097,0.5,-3.730486667750193,4.971711697497919,2.4408544268083485,0.9721971684974037,0.5377160911855098
1781801007.4820757,22.215502738952637,-200.0,-200.0,0.2,6.219990577482527,1.8682493512099134,1.0186785080923098,-0.1704483640328736,6.248759032801833,1781801007.4545217,1.8615947806967457,1.0203654954060029,6.233300012866843, 1781801007.316532, 1781801007.4650378,1.066747397476614,apf_colreg,crossing_from_port,-1.0,0.5350932051565214,0.0,10.26161109467828,4.815809532950799,2.471253194273642,0.9726815323944725,0.5342452623659286
1781801007.6823652,22.415792226791382,200.0,200.0,0.2,6.230852415372943,1.8889599079242163,1.0174593417140385,0.0654817017284576,6.26118145072269,1781801007.64423,None,None,None, None, 1781801007.6527395,0.9947994796525536,apf_colreg,crossing_from_starboard,-1.0,0.5145997520744758,1.5,5.434445127459584,4.475664137938445,2.404723399563845,1.0019611247892952,0.535809590530633
1781801007.8823984,22.615825414657593,200.0,200.0,0.2,6.239009154612359,1.914500572439382,1.0160368355826908,0.10938076798475553,6.282784073121321,1781801007.8417292,None,None,None, None, 1781801007.848917,0.9961215788102709,apf_colreg,crossing_from_starboard,-1.0,0.48477495707746016,1.0,3.4385231935893437,4.517049406162689,2.4380793248233976,1.0039168798256028,0.5486313401952227
1781801008.0823195,22.815746545791626,200.0,200.0,0.2,6.248934145391962,1.9434894220886105,1.01459173405937,0.13994996579587385,0.026965476341463734,1781801008.0372756,None,None,None, None, 1781801008.0372756,0.9146296011150757,apf_colreg,overtaking,-1.0,0.48648364918960674,0.5,-1.4409888786564915,4.52346644013666,2.4680254398612083,1.004442658843434,0.5532973717886793
1781801008.2823348,23.015761852264404,200.0,200.0,0.2,6.2548007203864495,1.974779380784335,1.013343095305018,0.09885040634796706,0.04759229802416086,1781801008.2459426,None,None,None, None, 1781801008.2325814,0.9833399189686202,apf_colreg,overtaking,-1.0,0.47627416800969985,0.5,-1.3000164524157931,4.423113894807222,2.500460667175407,0.9979318486864737,0.557083158664578
1781801008.481977,23.21540403366089,200.0,200.0,0.2,6.268412459199972,1.9176674359697383,1.0074116859257143,0.17255333150331748,0.08203628474229992,1781801008.4455562,1.911820899829921,1.0071016923259375,6.270615095087306, 1781801008.317687, 1781801008.4380426,0.9550666106087456,apf_colreg,crossing_from_starboard,-1.0,0.5569478015656796,0.0,10.701004263415587,4.296362623943548,2.5312135658959347,0.9894296825825808,0.5569287790597485
1781801008.6823256,23.41575264930725,200.0,200.0,0.2,6.279171609936305,1.939652918059677,1.006972686405355,0.16787827594794918,0.11718486217688145,1781801008.6549256,None,None,None, None, 1781801008.636728,0.9466499580502159,apf_colreg,crossing_from_starboard,-1.0,0.5257542895193185,2.0,7.906663143514418,4.2672217772444085,2.471296659778656,0.9807057319924498,0.5542687727949377
1781801008.8821955,23.615622520446777,-200.0,-200.0,0.2,6.2913621251744045,1.9661711651703624,1.006752722187363,0.15734556066708721,0.150440928690794,1781801008.8662825,None,None,None, None, 1781801008.8652806,1.0188778669402987,apf_colreg,crossing_from_starboard,-1.0,0.48807530204888677,1.0,4.088309936019427,4.34689954258066,2.488320976608889,0.9680376867026567,0.5500471054282198
1781801009.0824895,23.815916538238525,-200.0,-200.0,0.2,0.01100535972736099,1.99584296104796,1.0073629846855632,-0.07939974625844198,0.13419323419442003,1781801009.070914,None,None,None, None, 1781801009.0804431,0.9015110597910446,apf_colreg,overtaking,-1.0,0.485185003728556,0.5,-1.191677983775909,4.722670867207759,2.5104248339568227,0.9723450911385394,0.5452934723564777
1781801009.282348,24.015774965286255,-200.0,-200.0,0.2,0.0034177782262131105,2.0275690359648815,1.0080830102197056,-0.16355530425530632,0.10240633811534236,1781801009.2652636,None,None,None, None, 1781801009.2652636,0.9246092077030305,apf_colreg,overtaking,-1.0,0.4582454503592538,0.5,-2.3779166020697806,4.747777459057891,2.536094812854535,0.9850441401039266,0.5407111759880735
1781801009.4816518,24.215078830718994,-200.0,-200.0,0.2,0.0027436162154362773,2.0047046209518777,1.0014825087166321,-0.18587861674378045,0.06443440819592708,1781801009.469547,2.0010686176998584,1.0010286319901063,0.040946061234538256, 1781801009.327041, 1781801009.4635274,1.0296388784800234,apf_colreg,static_obstacle,-1.0,0.4901880618208981,1.0,2.710074256519147,4.305711202238009,2.563591217401666,0.9971983011993163,0.5361369936728165
1781801009.6826224,24.416049480438232,200.0,200.0,0.2,-0.008007510107194466,2.031660406919549,1.0016934215775728,-0.1665852321578823,0.029773965527560287,1781801009.6776114,None,None,None, None, 1781801009.683135,1.0104010890567965,apf_colreg,static_obstacle,-1.0,0.48115151795597294,0.5,-2.5708324519955346,4.316856874765206,2.535909097698112,1.0054380414213866,0.5312206095294766
1781801009.8819356,24.615362644195557,200.0,200.0,0.2,6.271599585430613,2.061631671604836,1.0010839557834534,0.07997988644386096,0.04523489823259439,1781801009.8709216,None,None,None, None, 1781801009.8804317,0.9573512611260618,apf_colreg,static_obstacle,-1.0,0.44730097253334783,0.5,-4.03353156892396,4.2025717706126695,2.5600684737602264,1.0049609888972895,0.5284211812008391
1781801010.0818477,24.815274715423584,200.0,200.0,0.2,6.278575492682001,2.093547178107012,1.0003428155724947,0.16377105833271166,0.07722127687895003,1781801010.0662332,None,None,None, None, 1781801010.0728428,1.0751541747464604,apf_colreg,static_obstacle,-1.0,0.429344664286087,0.5,-4.742200060199569,4.279790996472681,2.5851460719976935,0.9900048310236026,0.5236304759979248
1781801010.2823093,25.01573634147644,-200.0,-200.0,0.2,6.271900403161878,2.1266614826503116,0.9999296702179108,0.0033717624820418725,0.07788383806558827,1781801010.262736,None,None,None, None, 1781801010.2556915,0.9526754788358481,apf_colreg,static_obstacle,-1.0,0.4184772191574609,0.5,-5.212485321211046,4.452864281521591,2.6156620324589266,0.9831173118909101,0.5224092695906034
1781801010.482762,25.21618914604187,-200.0,-200.0,0.2,6.277600570929094,2.0838752269697878,1.006740776094596,-0.07199841357823632,0.06514904176133532,1781801010.4396122,2.078888923615987,1.007199547144971,0.023517830666414778, 1781801010.332553, 1781801010.440612,0.9627505677465534,apf_colreg,static_obstacle,-1.0,0.49563449277060456,1.0,1.6046574371729196,4.427970613058488,2.6572287649973387,0.9788240559106335,0.5309946235446955
1781801010.6822476,25.415674686431885,-200.0,-200.0,0.2,-0.012409026277848489,2.108590325315332,1.0067935594533246,-0.1542462269008138,0.036636005012469344,1781801010.6244662,None,None,None, None, 1781801010.6244662,1.0757142248318563,apf_colreg,static_obstacle,-1.0,0.4615636772438781,1.0,2.398515267907446,4.434235804383647,2.626147883325011,0.9931002016579231,0.5422903656959533
1781801010.8823807,25.61580777168274,200.0,200.0,0.2,6.260428364087176,2.137036468902433,1.0066164048042476,-0.15722409699746703,6.280056769639182,1781801010.8773825,None,None,None, None, 1781801010.8773825,0.9377692170409174,apf_colreg,overtaking,-1.0,0.47572480775235,0.5,-2.386252090307136,4.389873926337331,2.6521162873776087,0.9996292323207773,0.5431953133369248
1781801011.0815332,25.81496024131775,200.0,200.0,0.2,6.259227590279758,2.1679587694237106,1.0055607360756598,0.08579481503738849,0.01314089958564768,1781801011.0670145,None,None,None, None, 1781801011.0670145,0.9974470644171345,apf_colreg,overtaking,-1.0,0.46551581795219454,0.5,-2.2448631293689116,4.274853840537503,2.678836538383665,0.9963669997753655,0.5413094817098945
1781801011.2822452,26.015672206878662,-200.0,-200.0,0.2,6.263738434509081,2.2004577961190113,1.004427952631169,0.12918023234700984,0.03815877764468839,1781801011.260681,None,None,None, None, 1781801011.2456205,1.0145183443019,apf_colreg,overtaking,-1.0,0.45805150302694214,0.5,-2.2353734705961,4.38667297928567,2.705865160278114,0.9819297686046196,0.5379021777538437
1781801011.4815273,26.214954376220703,-200.0,-200.0,0.2,6.2607853071385,2.1495513497937613,1.0219744743801584,-0.09314030078333214,0.019917770218246887,1781801011.4565253,2.14405975648286,1.0231419282979664,6.262647534776889, 1781801011.335145, 1781801011.47353,1.065987584461409,apf_colreg,crossing_from_starboard,-1.0,0.5338975956807148,0.0,10.440995321299118,4.306771123841306,2.733835986791347,0.9808833483925432,0.5334099228433358
1781801011.6821601,26.415587186813354,200.0,200.0,0.2,6.254956884685071,2.1727967905567507,1.02165485955205,-0.15393681764603911,6.271688956766063,1781801011.6605968,None,None,None, None, 1781801011.6172967,1.0161499963665104,apf_colreg,crossing_from_starboard,-1.0,0.5055234736072453,2.0,7.609522538762493,4.281008814068334,2.6787072759670125,1.0070040131885487,0.5286154556228972
1781801011.882341,26.61576795578003,200.0,200.0,0.2,6.269278570835894,2.2001532857519344,1.0206110823752228,0.2301640502212909,0.03884605415533038,1781801011.8793209,None,None,None, None, 1781801011.8156068,1.0767203161140375,apf_colreg,crossing_from_starboard,-1.0,0.46901738353706013,1.0,3.433175269184199,4.179795267075062,2.6988387174822424,1.0061901457792428,0.5255580724038786
1781801012.0815234,26.814950466156006,200.0,200.0,0.2,6.2812059890764065,2.230406291090772,1.0200613410224628,0.14681185418611853,0.06624334689056338,1781801012.0659359,None,None,None, None, 1781801012.016419,0.9829409335521664,apf_colreg,overtaking,-1.0,0.4652244941400798,0.5,-2.5251569278627617,4.315957080613693,2.731511266024734,1.0102621606624553,0.5310749688707025
1781801012.2825303,27.015957355499268,200.0,200.0,0.2,6.295542490900974,2.2625101681346034,1.0198493182851536,0.16738226384213573,0.0995563483983655,1781801012.2649593,None,None,None, None, 1781801012.27903,1.0109362394081538,apf_colreg,overtaking,-1.0,0.4503064249656467,0.5,-2.8263824378629474,4.280165361788,2.765896965460128,1.0059785913282835,0.5355044662952423
1781801012.4819596,27.215386629104614,200.0,200.0,0.2,0.02924632378276372,2.220332574245914,1.0097084728177192,0.22292142046374003,0.14412639929380588,1781801012.4648955,2.215424690633295,1.0090303935727594,0.016102405624064176, 1781801012.335642, 1781801012.4799461,1.0189208028064034,apf_colreg,crossing_from_starboard,-1.0,0.4169229121448115,15.719051060789628,10.692398224029045,3.8254347276827643,2.79820762815367,1.0059954149527492,0.5358721460478716
1781801012.6820288,27.41545581817627,-200.0,-200.0,0.2,0.04054155537193035,2.244725761020823,1.0103872716084865,0.13280281035026126,0.17183024292778132,1781801012.6735044,None,None,None, None, 1781801012.6795094,1.0618914913673414,apf_colreg,crossing_from_starboard,-1.0,0.4891299548581803,1.0,3.439243250266064,3.9650794207865157,2.7534648863159257,0.9924102731981255,0.5334153044886166
1781801012.8821204,27.61554741859436,-200.0,-200.0,0.2,0.04522013865502492,2.2729021910109743,1.0118947457673308,-0.07478974084038073,0.15810238092273138,1781801012.857057,None,None,None, None, 1781801012.8676052,1.075471642731939,apf_colreg,overtaking,-1.0,0.4796416683101413,0.5,-2.025668714809264,4.31549201597798,2.774109591402733,0.9968699179244558,0.52949667150761
1781801013.0822961,27.815723180770874,-200.0,-200.0,0.2,0.038817294483719324,2.303641777841939,1.0136603279666965,-0.16290688518610877,0.12361562085939803,1781801013.0687532,None,None,None, None, 1781801013.0762885,0.9800835677378238,apf_colreg,overtaking,-1.0,0.45407726609173527,0.5,-3.0090249228638752,4.285226460724308,2.7981713805128097,1.0108769019560229,0.5252590122233183
1781801013.2819266,28.015353679656982,200.0,200.0,0.2,0.02165178975567056,2.3360368719620808,1.0151838947339447,-0.22184594488653891,0.07944323316109478,1781801013.2678661,None,None,None, None, 1781801013.2678661,0.9625476272494293,apf_colreg,overtaking,-1.0,0.43394157284912915,0.5,-4.063081276386738,4.107597070083502,2.8246553653910778,1.0190795389648784,0.5210479001602418
1781801013.4816968,28.215123891830444,200.0,200.0,0.2,6.282139521575342,2.308007755391715,1.00179914539662,-0.12494585657233033,0.054417325541791246,1781801013.4681602,2.3040081332234243,1.0009090832210152,0.00672887570620162, 1781801013.343503, 1781801013.4771962,1.0199693999023551,apf_colreg,crossing_from_port,-1.0,0.4871597599095731,1.0,2.0904679981436107,3.9309641433649802,2.852226150256954,1.0190587046111927,0.5162083106975818
1781801013.6825728,28.41599988937378,-200.0,-200.0,0.2,6.269415383534728,2.334504780002581,1.0012353236000555,0.08601249350634277,0.07106179250029726,1781801013.6616724,None,None,None, None, 1781801013.6626766,0.9598503215179532,apf_colreg,overtaking,-1.0,0.4798512982960653,0.5,-2.8832819351325814,4.035765240946539,2.8372876747240685,0.9860329744331496,0.5294792130126104
1781801013.8824642,28.615891218185425,-200.0,-200.0,0.2,6.258193502094467,2.3641813969812198,1.0008558034295962,-0.1173539108453213,0.04785980237651842,1781801013.859382,None,None,None, None, 1781801013.859382,0.9973875653433938,apf_colreg,overtaking,-1.0,0.45122976274830845,0.5,-3.8681487430598587,4.205508861229412,2.866611638743109,0.9734771971806895,0.5327761824949603
1781801014.0819936,28.815420627593994,-200.0,-200.0,0.2,6.240025500793689,2.3959156040753133,1.0001918130353054,-0.20298185427072474,0.0036861864537388947,1781801014.0770054,None,None,None, None, 1781801014.0714686,0.9937661743482747,apf_colreg,overtaking,-1.0,0.44372316645532744,0.5,-3.7018508902230547,4.5675635594489945,2.899403879571255,0.9718532276679661,0.5358116686344147
1781801014.2831132,29.01654028892517,-200.0,-200.0,0.2,6.225699339849292,2.428902514954583,0.9988414979641265,-0.1479986468709284,6.258672243741451,1781801014.2675426,None,None,None, None, 1781801014.2675426,0.9843635545587002,apf_colreg,overtaking,-1.0,0.4424922093534009,0.5,-3.3940738108375994,4.850164916700467,2.93057722031129,0.9715382425976796,0.5349505586090562
1781801014.4821026,29.215529680252075,-200.0,-200.0,0.2,6.215022686475541,2.3656168887295306,1.020602985787394,-0.14587463099380155,6.23139649957617,1781801014.4545233,2.3593037804867865,1.022137807155836,6.222418790784444, 1781801014.344725, 1781801014.473601,0.9395590771679865,apf_colreg,crossing_from_port,-1.0,0.5324273357898444,0.0,10.209250751971418,4.8724127155704355,2.9608053122022313,0.9752135023572525,0.5316570534869142
1781801014.6819515,29.41537857055664,-200.0,-200.0,0.2,6.210015462220134,2.38702854414602,1.019233192844676,-0.09818344509081439,6.210396362797424,1781801014.66841,None,None,None, None, 1781801014.6724298,0.9139023822862927,apf_colreg,crossing_from_starboard,-1.0,0.5248631738318928,2.0,7.225001217740613,4.621697639678526,2.9021856604457144,0.9960802420422572,0.5361439026419794
1781801014.8824437,29.615870714187622,200.0,200.0,0.2,6.201976856999669,2.413047734843082,1.0174988035368981,-0.13893350189227316,6.190642835350213,1781801014.8105898,None,None,None, None, 1781801014.8361866,0.9508793297456202,apf_colreg,crossing_from_port,-1.0,0.4892914671360204,1.0,3.5369189655503437,4.8140739482405435,2.9330764608573254,1.0099953638689976,0.5454089108322716
1781801015.0834827,29.816909790039062,200.0,200.0,0.2,6.196515406481106,2.4422573860480252,1.0148154419860393,0.03806883227716792,6.198889141221959,1781801015.0272055,None,None,None, None, 1781801015.0272055,1.033426658985805,apf_colreg,overtaking,-1.0,0.4923521845609063,0.5,-1.2275502915829177,4.469171031750304,2.9624721695709892,1.011724577087112,0.5487249348527566
1781801015.2820256,30.01545262336731,200.0,200.0,0.2,6.202318924412782,2.4735838984814866,1.0117048792345924,0.15238251628376692,6.231486754184804,1781801015.241125,None,None,None, None, 1781801015.2426338,1.0030480251663527,apf_colreg,overtaking,-1.0,0.47677740858994677,0.5,-1.491389713890464,4.339562136733186,2.9909533238739523,1.0009761826034378,0.5485622981268864
1781801015.4821284,30.215555429458618,200.0,200.0,0.2,6.2503157485554866,2.4198040897197433,1.0085255162207116,0.6648451661597783,0.07649900057744663,1781801015.4339483,2.414175070007665,1.0085097651991586,6.196002288710005, 1781801015.348549, 1781801015.4425006,1.036024229646193,apf_colreg,crossing_from_port,-1.0,0.5462606379558633,0.0,10.545588984996694,4.34502327925391,3.0193360096764565,0.988139699282382,0.5461130574388632
1781801015.6821833,30.415610313415527,200.0,200.0,0.2,6.280387396971837,2.4423811907389434,1.0080963821381188,0.16299848707143677,0.10802584618297531,1781801015.6273663,None,None,None, None, 1781801015.6357243,0.9133899908027036,apf_colreg,crossing_from_starboard,-1.0,0.5101596488072955,1.5,6.2176146924672615,4.230376723163222,2.962304272686247,0.998276822843095,0.5425362229705688
1781801015.8822424,30.61566948890686,200.0,200.0,0.2,0.018082569274520458,2.4693097495497907,1.0081742930242794,0.14851792665152766,0.13849190991689028,1781801015.8325002,None,None,None, None, 1781801015.8531775,0.9651156554183096,apf_colreg,crossing_from_starboard,-1.0,0.4738095881489899,1.0,3.740937130511938,4.101566766616999,2.9825168783932416,1.0090968649608962,0.5401293669416114
1781801016.0821526,30.815579652786255,200.0,200.0,0.2,0.03562657646390382,2.499236595475116,1.00873790962428,0.15611694036514046,0.1725337303364476,1781801016.0505536,None,None,None, None, 1781801016.0656447,0.9905095334877067,apf_colreg,overtaking,-1.0,0.4729670087841522,0.5,-1.8757264426413327,4.110984812526243,3.005185906434495,1.0076873049989827,0.5358774721618259
1781801016.2830098,31.01643681526184,200.0,200.0,0.2,0.047743389366299606,2.531088309643074,1.0098228659700688,0.12254443498972135,0.1994229215821287,1781801016.2699776,None,None,None, None, 1781801016.2689738,1.078057411230651,apf_colreg,overtaking,-1.0,0.4476281614081183,0.5,-2.990697769694899,4.02108822298515,3.0304321239679766,1.0076584955212087,0.5311567648715388
1781801016.4819648,31.215391874313354,-200.0,-200.0,0.2,0.04982682235150703,2.5095248655265374,1.000113328278425,-0.02152164546788445,0.1961117326371022,1781801016.4824705,2.505971575738397,0.999387703215238,0.07359880713665667, 1781801016.352915, 1781801016.447265,0.9960078464362067,apf_colreg,crossing_from_starboard,-1.0,0.4804273210346494,1.0,2.5477134093812275,3.742155218052384,3.0619945260358823,0.9999921189283073,0.5309820424128131
1781801016.68279,31.41621708869934,-200.0,-200.0,0.2,0.04750993761921521,2.536563992104985,1.0016044534752222,-0.08088644689924554,0.18132584001020452,1781801016.685802,None,None,None, None, 1781801016.645417,1.0151723047849748,apf_colreg,static_obstacle,-1.0,0.4803229055476837,0.5,-2.2006967283643455,4.13112308296613,3.0542314254962992,0.9882507008215371,0.5448455321635676
1781801016.8820758,31.61550283432007,-200.0,-200.0,0.2,0.041192057214828166,2.566556593500181,1.0032661611537481,-0.13373710844639988,0.14549384373448282,1781801016.8745582,None,None,None, None, 1781801016.8655658,1.0121628570562586,apf_colreg,static_obstacle,-1.0,0.46262298473771785,0.5,-2.3772388474852733,4.231109186933095,3.0877485700377756,0.9959695583862384,0.5511584742107768
1781801017.0825458,31.815972805023193,-200.0,-200.0,0.2,0.027271586038256617,2.5984779641527385,1.0048077271013267,-0.18914254373514186,0.121087475593229,1781801017.0860748,None,None,None, None, 1781801017.0925927,0.9740166392600825,apf_colreg,overtaking,-1.0,0.4561329792925788,0.5,-2.2093687960464683,4.198675640519898,3.119185651624392,1.0072758700532274,0.5525126806428494
